Workbook
Name Slicer_c: #N/A

Sheet S1
A1: Fr | B1: Notes | C1: Keep | D1: Cumulative | E1: Sentences for Anki
A2: j'ai | B2: track 4 | D2: =IF(C2="x",COUNTA($C$2:C2),".") -> . | E2: =IF(C2="x",A2,"---") -> --- | G2: 1 | H2: j'ai invité un ami
A3: invité | D3: =IF(C3="x",COUNTA($C$2:C3),".") -> . | E3: =IF(C3="x",A3,"---") -> --- | G3: 2 | H3: tu as invite un ami
A4: j'ai invité | D4: =IF(C4="x",COUNTA($C$2:C4),".") -> . | E4: =IF(C4="x",A4,"---") -> --- | G4: 3 | H4: as-tu invite un ami?
A5: un ami | B5: -in/-un sulky sound | D5: =IF(C5="x",COUNTA($C$2:C5),".") -> . | E5: =IF(C5="x",A5,"---") -> --- | G5: 4 | H5: tu as invite un ami?
A6: j'ai invité un ami | C6: x | D6: =IF(C6="x",COUNTA($C$2:C6),".") -> 1 | E6: =IF(C6="x",A6,"---") -> j'ai invité un ami | G6: 5 | H6: j'ai confirme le meeting avec Ben
A7: j'ai invité Ben | D7: =IF(C7="x",COUNTA($C$2:C7),".") -> . | E7: =IF(C7="x",A7,"---") -> --- | G7: 6 | H7: j'ai visite Hanoi avec un ami
A8: tu as | B8: you have to forget things | D8: =IF(C8="x",COUNTA($C$2:C8),".") -> . | E8: =IF(C8="x",A8,"---") -> --- | G8: 7 | H8: j'ai prepare le café pour toi
A9: tu as invite | D9: =IF(C9="x",COUNTA($C$2:C9),".") -> . | E9: =IF(C9="x",A9,"---") -> --- | G9: 8 | H9: tu as prepare le café pour moi?
A10: tu as invite un ami | C10: x | D10: =IF(C10="x",COUNTA($C$2:C10),".") -> 2 | E10: =IF(C10="x",A10,"---") -> tu as invite un ami | G10: 9 | H10: tu as visite Hanoi (avec un ami)?
A11: as-tu invite un ami? | B11: 2/3 ways of forming questions | C11: x | D11: =IF(C11="x",COUNTA($C$2:C11),".") -> 3 | E11: =IF(C11="x",A11,"---") -> as-tu invite un ami? | G11: 10 | H11: tu as prepare le meeting avec Ben?
A12: tu as invite un ami? | C12: x | D12: =IF(C12="x",COUNTA($C$2:C12),".") -> 4 | E12: =IF(C12="x",A12,"---") -> tu as invite un ami?
A13: confirmer | D13: =IF(C13="x",COUNTA($C$2:C13),".") -> . | E13: =IF(C13="x",A13,"---") -> ---
A14: j'ai confirme | D14: =IF(C14="x",COUNTA($C$2:C14),".") -> . | E14: =IF(C14="x",A14,"---") -> ---
A15: le meeting | D15: =IF(C15="x",COUNTA($C$2:C15),".") -> . | E15: =IF(C15="x",A15,"---") -> ---
A16: j'ai confirme le meeting | D16: =IF(C16="x",COUNTA($C$2:C16),".") -> . | E16: =IF(C16="x",A16,"---") -> ---
A17: j'ai confirme le meeting avec Ben | C17: x | D17: =IF(C17="x",COUNTA($C$2:C17),".") -> 5 | E17: =IF(C17="x",A17,"---") -> j'ai confirme le meeting avec Ben
A18: visiter | D18: =IF(C18="x",COUNTA($C$2:C18),".") -> . | E18: =IF(C18="x",A18,"---") -> ---
A19: j'ai visite | D19: =IF(C19="x",COUNTA($C$2:C19),".") -> . | E19: =IF(C19="x",A19,"---") -> ---
A20: Hanoi | D20: =IF(C20="x",COUNTA($C$2:C20),".") -> . | E20: =IF(C20="x",A20,"---") -> ---
A21: avec un ami | D21: =IF(C21="x",COUNTA($C$2:C21),".") -> . | E21: =IF(C21="x",A21,"---") -> ---
A22: j'ai visite Hanoi avec un ami | C22: x | D22: =IF(C22="x",COUNTA($C$2:C22),".") -> 6 | E22: =IF(C22="x",A22,"---") -> j'ai visite Hanoi avec un ami
A23: preparer | D23: =IF(C23="x",COUNTA($C$2:C23),".") -> . | E23: =IF(C23="x",A23,"---") -> ---
A24: j'ai prepare | D24: =IF(C24="x",COUNTA($C$2:C24),".") -> . | E24: =IF(C24="x",A24,"---") -> ---
A25: le café | D25: =IF(C25="x",COUNTA($C$2:C25),".") -> . | E25: =IF(C25="x",A25,"---") -> ---
A26: pour toi | D26: =IF(C26="x",COUNTA($C$2:C26),".") -> . | E26: =IF(C26="x",A26,"---") -> ---
A27: j'ai prepare le café pour toi | B27: introducing a lot, but will review a lot, don't worry they'll stick eventually | C27: x | D27: =IF(C27="x",COUNTA($C$2:C27),".") -> 7 | E27: =IF(C27="x",A27,"---") -> j'ai prepare le café pour toi
A28: pour moi | D28: =IF(C28="x",COUNTA($C$2:C28),".") -> . | E28: =IF(C28="x",A28,"---") -> ---
A29: tu as prepare le café pour moi | D29: =IF(C29="x",COUNTA($C$2:C29),".") -> . | E29: =IF(C29="x",A29,"---") -> ---
A30: tu as prepare le café pour moi? | C30: x | D30: =IF(C30="x",COUNTA($C$2:C30),".") -> 8 | E30: =IF(C30="x",A30,"---") -> tu as prepare le café pour moi?
A31: tu as visite Hanoi (avec un ami)? | C31: x | D31: =IF(C31="x",COUNTA($C$2:C31),".") -> 9 | E31: =IF(C31="x",A31,"---") -> tu as visite Hanoi (avec un ami)?
A32: tu as prepare le meeting avec Ben? | C32: x | D32: =IF(C32="x",COUNTA($C$2:C32),".") -> 10 | E32: =IF(C32="x",A32,"---") -> tu as prepare le meeting avec Ben?

Sheet S2
A1: Fr | B1: Notes | C1: New Item | D1: Keep | E1: Cumulative
A2: reservé | B2: figure out from noun | E2: =IF(D2="x",COUNTA($D$2:D2),".") -> . | F2: =IF(D2="x",A2,"---") -> --- | H2: 1 | I2: j'ai reserve un table
A3: une table | B3: -able words for free! | E3: =IF(D3="x",COUNTA($D$2:D3),".") -> . | F3: =IF(D3="x",A3,"---") -> --- | H3: 2 | I3: tu as reserve un table?
A4: j'ai reserve un table | D4: x | E4: =IF(D4="x",COUNTA($D$2:D4),".") -> 1 | F4: =IF(D4="x",A4,"---") -> j'ai reserve un table | H4: 3 | I4: il a reserve un table
A5: tu as reserve un table? | B5: tu | D5: x | E5: =IF(D5="x",COUNTA($D$2:D5),".") -> 2 | F5: =IF(D5="x",A5,"---") -> tu as reserve un table? | H5: 4 | I5: elle a reserve un table
A6: il a reserve un table | C6: 3ps pp have | D6: x | E6: =IF(D6="x",COUNTA($D$2:D6),".") -> 3 | F6: =IF(D6="x",A6,"---") -> il a reserve un table | H6: 5 | I6: mon ami a prepare le café
A7: elle a reserve un table | D7: x | E7: =IF(D7="x",COUNTA($D$2:D7),".") -> 4 | F7: =IF(D7="x",A7,"---") -> elle a reserve un table | H7: 6 | I7: mon ami a visite Hanoi
A8: mon | C8: pos1 | E8: =IF(D8="x",COUNTA($D$2:D8),".") -> . | F8: =IF(D8="x",A8,"---") -> --- | H8: 7 | I8: mon ami a visite Hanoi et mon chat a visite Taipei
A9: mon ami | E9: =IF(D9="x",COUNTA($D$2:D9),".") -> . | F9: =IF(D9="x",A9,"---") -> --- | H9: 8 | I9: mon ami a prepare le café et mon chat a prepare le the
A10: mon ami a prepare le café | D10: x | E10: =IF(D10="x",COUNTA($D$2:D10),".") -> 5 | F10: =IF(D10="x",A10,"---") -> mon ami a prepare le café | H10: 9 | I10: il a prepare le café
A11: mon ami a visite Hanoi | D11: x | E11: =IF(D11="x",COUNTA($D$2:D11),".") -> 6 | F11: =IF(D11="x",A11,"---") -> mon ami a visite Hanoi | H11: 10 | I11: preparation
A12: chien | E12: =IF(D12="x",COUNTA($D$2:D12),".") -> . | F12: =IF(D12="x",A12,"---") -> --- | H12: 11 | I12: Invitation
A13: mon chien | E13: =IF(D13="x",COUNTA($D$2:D13),".") -> . | F13: =IF(D13="x",A13,"---") -> --- | H13: 12 | I13: reservation
A14: mon chien a visite Taipei | E14: =IF(D14="x",COUNTA($D$2:D14),".") -> . | F14: =IF(D14="x",A14,"---") -> --- | H14: 13 | I14: decoration
A15: mon ami a visite Hanoi et mon chat a visite Taipei | B15: et | D15: x | E15: =IF(D15="x",COUNTA($D$2:D15),".") -> 7 | F15: =IF(D15="x",A15,"---") -> mon ami a visite Hanoi et mon chat a visite Taipei | H15: 14 | I15: confirmation
A16: le the | E16: =IF(D16="x",COUNTA($D$2:D16),".") -> . | F16: =IF(D16="x",A16,"---") -> --- | H16: 15 | I16: j'ai reservé un table pour le diner
A17: mon ami a prepare le café et mon chat a prepare le the | B17: 3 tenses in one | D17: x | E17: =IF(D17="x",COUNTA($D$2:D17),".") -> 8 | F17: =IF(D17="x",A17,"---") -> mon ami a prepare le café et mon chat a prepare le the | H17: 16 | I17: j'ai invite un ami au restaurant
A18: il a prepare le café | B18: (13') | D18: x | E18: =IF(D18="x",COUNTA($D$2:D18),".") -> 9 | F18: =IF(D18="x",A18,"---") -> il a prepare le café | H18: 17 | I18: tu as invite ton ami au restaurant?
A19: preparation | B19: track 7. -ion nouns coming from French, you already know 1000+ | D19: x | E19: =IF(D19="x",COUNTA($D$2:D19),".") -> 10 | F19: =IF(D19="x",A19,"---") -> preparation | H19: 18 | I19: je voudrais preparer le diner
A20: -ation | E20: =IF(D20="x",COUNTA($D$2:D20),".") -> . | F20: =IF(D20="x",A20,"---") -> --- | H20: 19 | I20: je voudrais preparer le diner + parce que j'ai faim
A21: Invitation | B21: -in/-un sulky sound | D21: x | E21: =IF(D21="x",COUNTA($D$2:D21),".") -> 11 | F21: =IF(D21="x",A21,"---") -> Invitation | H21: 20 | I21: je voudrais preparer le café parce que j'ai soif
A22: reservation | D22: x | E22: =IF(D22="x",COUNTA($D$2:D22),".") -> 12 | F22: =IF(D22="x",A22,"---") -> reservation
A23: decoration | D23: x | E23: =IF(D23="x",COUNTA($D$2:D23),".") -> 13 | F23: =IF(D23="x",A23,"---") -> decoration
A24: confirmation | D24: x | E24: =IF(D24="x",COUNTA($D$2:D24),".") -> 14 | F24: =IF(D24="x",A24,"---") -> confirmation
A25: preparé | B25: even better, can make past tense from it by cutting -ation and add café é | E25: =IF(D25="x",COUNTA($D$2:D25),".") -> . | F25: =IF(D25="x",A25,"---") -> ---
A26: j'ai reservé | B26: careful with "j'ai" pronunciation | E26: =IF(D26="x",COUNTA($D$2:D26),".") -> . | F26: =IF(D26="x",A26,"---") -> ---
A27: j'ai reservé un table pour le diner | D27: x | E27: =IF(D27="x",COUNTA($D$2:D27),".") -> 15 | F27: =IF(D27="x",A27,"---") -> j'ai reservé un table pour le diner
A28: j'ai invite un ami au restaurant | D28: x | E28: =IF(D28="x",COUNTA($D$2:D28),".") -> 16 | F28: =IF(D28="x",A28,"---") -> j'ai invite un ami au restaurant
A29: ton | C29: pos 2s | E29: =IF(D29="x",COUNTA($D$2:D29),".") -> . | F29: =IF(D29="x",A29,"---") -> ---
A30: ton ami | E30: =IF(D30="x",COUNTA($D$2:D30),".") -> . | F30: =IF(D30="x",A30,"---") -> ---
A31: tu as invite ton ami au restaurant? | D31: x | E31: =IF(D31="x",COUNTA($D$2:D31),".") -> 17 | F31: =IF(D31="x",A31,"---") -> tu as invite ton ami au restaurant?
A32: preparer | B32: Infinitive: cut ation and add er, same pronunciation. (track 9?) | E32: =IF(D32="x",COUNTA($D$2:D32),".") -> . | F32: =IF(D32="x",A32,"---") -> ---
A33: je voudrais | E33: =IF(D33="x",COUNTA($D$2:D33),".") -> . | F33: =IF(D33="x",A33,"---") -> ---
A34: je voudrais preparer | E34: =IF(D34="x",COUNTA($D$2:D34),".") -> . | F34: =IF(D34="x",A34,"---") -> ---
A35: je voudrais preparer le diner | B35: same "é" | D35: x | E35: =IF(D35="x",COUNTA($D$2:D35),".") -> 18 | F35: =IF(D35="x",A35,"---") -> je voudrais preparer le diner
A36: j'ai faim | B36: "I have hunger" | E36: =IF(D36="x",COUNTA($D$2:D36),".") -> . | F36: =IF(D36="x",A36,"---") -> ---
A37: parce que | E37: =IF(D37="x",COUNTA($D$2:D37),".") -> . | F37: =IF(D37="x",A37,"---") -> ---
A38: je voudrais preparer le diner + parce que j'ai faim | D38: x | E38: =IF(D38="x",COUNTA($D$2:D38),".") -> 19 | F38: =IF(D38="x",A38,"---") -> je voudrais preparer le diner + parce que j'ai faim
A39: soif | E39: =IF(D39="x",COUNTA($D$2:D39),".") -> . | F39: =IF(D39="x",A39,"---") -> ---
A40: j'ai soif | E40: =IF(D40="x",COUNTA($D$2:D40),".") -> . | F40: =IF(D40="x",A40,"---") -> ---
A41: parce que j'ai soif | E41: =IF(D41="x",COUNTA($D$2:D41),".") -> . | F41: =IF(D41="x",A41,"---") -> ---
A42: je voudrais preparer le café parce que j'ai soif | B42: FoR LuCK | D42: x | E42: =IF(D42="x",COUNTA($D$2:D42),".") -> 20 | F42: =IF(D42="x",A42,"---") -> je voudrais preparer le café parce que j'ai soif
A43: ex voudrais, soif | B43: m in faim nasal, not pronounced -> FoR LuCK (general rule) | E43: =IF(D43="x",COUNTA($D$2:D43),".") -> . | F43: =IF(D43="x",A43,"---") -> ---

Sheet S3
A1: Type | B1: Fr | C1: Notes | D1: New Item | E1: Keep | F1: Cumulative
A2: V | B2: Ce soir | F2: =IF(E2="x",COUNTA($E$2:E2),".") -> . | G2: =IF(E2="x",B2,"---") -> ---
A3: LV | B3: Je voudrais réserver pour ce soir | E3: x | F3: =IF(E3="x",COUNTA($E$2:E3),".") -> 1 | G3: =IF(E3="x",B3,"---") -> Je voudrais réserver pour ce soir
A4: LV | B4: Une personne | C4: from "person" | F4: =IF(E4="x",COUNTA($E$2:E4),".") -> . | G4: =IF(E4="x",B4,"---") -> ---
A5: P | B5: Deux | F5: =IF(E5="x",COUNTA($E$2:E5),".") -> . | G5: =IF(E5="x",B5,"---") -> ---
A6: LV | B6: Deux personnes | F6: =IF(E6="x",COUNTA($E$2:E6),".") -> . | G6: =IF(E6="x",B6,"---") -> ---
A7: PE | B7: Je voudrais réserver une table pour ce soir pour deux personnes | F7: =IF(E7="x",COUNTA($E$2:E7),".") -> . | G7: =IF(E7="x",B7,"---") -> ---
B8: J'ai réservé une table pour ce soir pour deux personnes | E8: x | F8: =IF(E8="x",COUNTA($E$2:E8),".") -> 2 | G8: =IF(E8="x",B8,"---") -> J'ai réservé une table pour ce soir pour deux personnes
A9: V | B9: Vous | C9: plural & politness | F9: =IF(E9="x",COUNTA($E$2:E9),".") -> . | G9: =IF(E9="x",B9,"---") -> ---
A10: V | B10: Voulez-vous | F10: =IF(E10="x",COUNTA($E$2:E10),".") -> . | G10: =IF(E10="x",B10,"---") -> ---
A11: C | B11: Voulez-vous reserver une table pour ce soir? | E11: x | F11: =IF(E11="x",COUNTA($E$2:E11),".") -> 3 | G11: =IF(E11="x",B11,"---") -> Voulez-vous reserver une table pour ce soir?
A12: C | B12: Voulez-vous visiter Hanoi? | C12: -> vous voulez | E12: x | F12: =IF(E12="x",COUNTA($E$2:E12),".") -> 4 | G12: =IF(E12="x",B12,"---") -> Voulez-vous visiter Hanoi? | J12: achievement #1
A13: V | B13: C'est | C13: it is. Still same sound as café e and -er | F13: =IF(E13="x",COUNTA($E$2:E13),".") -> . | G13: =IF(E13="x",B13,"---") -> ---
A14: V | B14: Typique | C14: track 12 ~42'. -ic & -cal -> -ique. Logique. | E14: x | F14: =IF(E14="x",COUNTA($E$2:E14),".") -> 5 | G14: =IF(E14="x",B14,"---") -> Typique | J14: clips or medley
A15: V | B15: Exotic | E15: x | F15: =IF(E15="x",COUNTA($E$2:E15),".") -> 6 | G15: =IF(E15="x",B15,"---") -> Exotic
B16: Politique | E16: x | F16: =IF(E16="x",COUNTA($E$2:E16),".") -> 7 | G16: =IF(E16="x",B16,"---") -> Politique
B17: Romantic | E17: x | F17: =IF(E17="x",COUNTA($E$2:E17),".") -> 8 | G17: =IF(E17="x",B17,"---") -> Romantic
B18: Pratique | E18: x | F18: =IF(E18="x",COUNTA($E$2:E18),".") -> 9 | G18: =IF(E18="x",B18,"---") -> Pratique
A19: P | B19: Parce que | E19: x | F19: =IF(E19="x",COUNTA($E$2:E19),".") -> 10 | G19: =IF(E19="x",B19,"---") -> Parce que
A20: PC | B20: Je voudrais visiter Paris parce que c'est exotique | E20: x | F20: =IF(E20="x",COUNTA($E$2:E20),".") -> 11 | G20: =IF(E20="x",B20,"---") -> Je voudrais visiter Paris parce que c'est exotique
A21: PC | B21: Est-ce que tu as preparé le café pour moi? | C21: (3) | E21: x | F21: =IF(E21="x",COUNTA($E$2:E21),".") -> 12 | G21: =IF(E21="x",B21,"---") -> Est-ce que tu as preparé le café pour moi?
A22: PC | B22: Est-ce que tu as confirmé le meeting avec Jean? | C22: Jean | E22: x | F22: =IF(E22="x",COUNTA($E$2:E22),".") -> 13 | G22: =IF(E22="x",B22,"---") -> Est-ce que tu as confirmé le meeting avec Jean?
A23: PC | B23: Est-ce que c'est pratique? | E23: x | F23: =IF(E23="x",COUNTA($E$2:E23),".") -> 14 | G23: =IF(E23="x",B23,"---") -> Est-ce que c'est pratique?
A24: V | B24: Aller | F24: =IF(E24="x",COUNTA($E$2:E24),".") -> . | G24: =IF(E24="x",B24,"---") -> ---
A25: C | B25: Je voudrais aller a Paris | C25: a = to | E25: x | F25: =IF(E25="x",COUNTA($E$2:E25),".") -> 15 | G25: =IF(E25="x",B25,"---") -> Je voudrais aller a Paris
A26: C | B26: Je voudrais aller a Paris, est-ce que c'est pratique? | F26: =IF(E26="x",COUNTA($E$2:E26),".") -> . | G26: =IF(E26="x",B26,"---") -> ---
A27: C | B27: Je voudrais aller au café, est-ce qu'il est typique? | E27: x | F27: =IF(E27="x",COUNTA($E$2:E27),".") -> 16 | G27: =IF(E27="x",B27,"---") -> Je voudrais aller au café, est-ce qu'il est typique?
A28: V | B28: Savoir | E28: x | F28: =IF(E28="x",COUNTA($E$2:E28),".") -> 17 | G28: =IF(E28="x",B28,"---") -> Savoir
A29: C | B29: Je voudrais savoir | F29: =IF(E29="x",COUNTA($E$2:E29),".") -> . | G29: =IF(E29="x",B29,"---") -> ---
A30: V | B30: Si | C30: c'est vs si | F30: =IF(E30="x",COUNTA($E$2:E30),".") -> . | G30: =IF(E30="x",B30,"---") -> ---
A31: C | B31: Je voudrais savoir si c'est typique | F31: =IF(E31="x",COUNTA($E$2:E31),".") -> . | G31: =IF(E31="x",B31,"---") -> ---
A32: C | B32: Je voudrais savoir si c'est pratique | E32: x | F32: =IF(E32="x",COUNTA($E$2:E32),".") -> 18 | G32: =IF(E32="x",B32,"---") -> Je voudrais savoir si c'est pratique
A33: V | B33: Mais | F33: =IF(E33="x",COUNTA($E$2:E33),".") -> . | G33: =IF(E33="x",B33,"---") -> ---
A34: C | B34: Je voudrais reserver une table, mais je voudrais savoir si c'est pratique | F34: =IF(E34="x",COUNTA($E$2:E34),".") -> . | G34: =IF(E34="x",B34,"---") -> ---
A35: C | B35: Voulez-vous reserver un table? Oui, mais je voudrais savoir si c'est pratique | E35: x | F35: =IF(E35="x",COUNTA($E$2:E35),".") -> 19 | G35: =IF(E35="x",B35,"---") -> Voulez-vous reserver un table? Oui, mais je voudrais savoir si c'est pratique
B36: Vous voulez | F36: =IF(E36="x",COUNTA($E$2:E36),".") -> . | G36: =IF(E36="x",B36,"---") -> ---
B37: Est-ce que vous voulez reserver un table? | E37: x | F37: =IF(E37="x",COUNTA($E$2:E37),".") -> 20 | G37: =IF(E37="x",B37,"---") -> Est-ce que vous voulez reserver un table?
B38: Est-ce que vous voulez reserver un table? Oui, mais je voudrais savoir si c'est pratique | F38: =IF(E38="x",COUNTA($E$2:E38),".") -> . | G38: =IF(E38="x",B38,"---") -> ---

Sheet S4^
A1: Type | B1: Fr | C1: Notes | D1: PN track start | E1: New Item | F1: Keep | G1: Cum.
A2: V | B2: Ce n'est pas | C2: Négation Sandwich vs ? -> must have a filling | F2: x | G2: =IF(F2="x",COUNTA($F$2:F2),".") -> 1 | H2: =IF(F2="x",B2,"---") -> Ce n'est pas
A3: V | B3: C'est pas | C3: one nég is enough, practice omitting the first one exclusively | F3: x | G3: =IF(F3="x",COUNTA($F$2:F3),".") -> 2 | H3: =IF(F3="x",B3,"---") -> C'est pas
A4: V | B4: Non, c'est pas pratique | F4: x | G4: =IF(F4="x",COUNTA($F$2:F4),".") -> 3 | H4: =IF(F4="x",B4,"---") -> Non, c'est pas pratique
B5: Je voudrais allez a Paris, mais c'est pas pratique | F5: x | G5: =IF(F5="x",COUNTA($F$2:F5),".") -> 4 | H5: =IF(F5="x",B5,"---") -> Je voudrais allez a Paris, mais c'est pas pratique
A6: V | B6: Pourquoi? | C6: "For what" | F6: x | G6: =IF(F6="x",COUNTA($F$2:F6),".") -> 5 | H6: =IF(F6="x",B6,"---") -> Pourquoi?
A7: C | B7: Pourquoi c'est pas pratique? | F7: x | G7: =IF(F7="x",COUNTA($F$2:F7),".") -> 6 | H7: =IF(F7="x",B7,"---") -> Pourquoi c'est pas pratique?
A8: C | B8: Je voudrais savoir pourquoi c'est pas pratique | F8: x | G8: =IF(F8="x",COUNTA($F$2:F8),".") -> 7 | H8: =IF(F8="x",B8,"---") -> Je voudrais savoir pourquoi c'est pas pratique
A9: C | B9: Pourquoi tu as preparé le diné? | F9: x | G9: =IF(F9="x",COUNTA($F$2:F9),".") -> 8 | H9: =IF(F9="x",B9,"---") -> Pourquoi tu as preparé le diné?
B10: Tu as préparé le diné? | C10: En Francais, c'est typique | G10: =IF(F10="x",COUNTA($F$2:F10),".") -> . | H10: =IF(F10="x",B10,"---") -> --- | K10: Est-ce que tu as confirmé le meeting avec Jean?
B11: Tu as préparé le café? | F11: x | G11: =IF(F11="x",COUNTA($F$2:F11),".") -> 9 | H11: =IF(F11="x",B11,"---") -> Tu as préparé le café?
B12: Oui, j'ai préparé le café | G12: =IF(F12="x",COUNTA($F$2:F12),".") -> . | H12: =IF(F12="x",B12,"---") -> ---
B13: Tu n'as pas préparé le café? | F13: x | G13: =IF(F13="x",COUNTA($F$2:F13),".") -> 10 | H13: =IF(F13="x",B13,"---") -> Tu n'as pas préparé le café?
B14: Tu as pas préparé le café? | F14: x | G14: =IF(F14="x",COUNTA($F$2:F14),".") -> 11 | H14: =IF(F14="x",B14,"---") -> Tu as pas préparé le café?
B15: Tu as -> tu n'as pas | C15: sandwich | G15: =IF(F15="x",COUNTA($F$2:F15),".") -> . | H15: =IF(F15="x",B15,"---") -> ---
B16: Tu as -> tu as pas | C16: sushi | G16: =IF(F16="x",COUNTA($F$2:F16),".") -> . | H16: =IF(F16="x",B16,"---") -> ---
B17: Je voudrais savoir pourquoi tu n'as pas préparé le café | F17: x | G17: =IF(F17="x",COUNTA($F$2:F17),".") -> 12 | H17: =IF(F17="x",B17,"---") -> Je voudrais savoir pourquoi tu n'as pas préparé le café
B18: J'ai faim, pourquoi tu as pas préparé le diné? | F18: x | G18: =IF(F18="x",COUNTA($F$2:F18),".") -> 13 | H18: =IF(F18="x",B18,"---") -> J'ai faim, pourquoi tu as pas préparé le diné?
B19: Je n'ai pas | C19: **easy to insert "jamais" here | G19: =IF(F19="x",COUNTA($F$2:F19),".") -> . | H19: =IF(F19="x",B19,"---") -> ---
B20: Je n'ai pas visité Paris | D20: 2_3 | F20: x | G20: =IF(F20="x",COUNTA($F$2:F20),".") -> 14 | H20: =IF(F20="x",B20,"---") -> Je n'ai pas visité Paris
B21: Je n'ai pas invité Jean au ciné(ma) | F21: x | G21: =IF(F21="x",COUNTA($F$2:F21),".") -> 15 | H21: =IF(F21="x",B21,"---") -> Je n'ai pas invité Jean au ciné(ma)
A22: V | B22: Désolé | F22: x | G22: =IF(F22="x",COUNTA($F$2:F22),".") -> 16 | H22: =IF(F22="x",B22,"---") -> Désolé
B23: J'ai pas préparé le café, désolé | F23: x | G23: =IF(F23="x",COUNTA($F$2:F23),".") -> 17 | H23: =IF(F23="x",B23,"---") -> J'ai pas préparé le café, désolé
B24: Désolé, mais j'ai pas préparé le café | F24: x | G24: =IF(F24="x",COUNTA($F$2:F24),".") -> 18 | H24: =IF(F24="x",B24,"---") -> Désolé, mais j'ai pas préparé le café
A25: V | B25: Français | C25: masc | F25: x | G25: =IF(F25="x",COUNTA($F$2:F25),".") -> 19 | H25: =IF(F25="x",B25,"---") -> Français
B26: Désolé, mais j'ai pas réservé une table au restau Français | C26: restau = restaurant | F26: x | G26: =IF(F26="x",COUNTA($F$2:F26),".") -> 20 | H26: =IF(F26="x",B26,"---") -> Désolé, mais j'ai pas réservé une table au restau Français

Sheet S5
A1: Type | B1: Fr | C1: Notes | D1: PN track start | E1: New Item | F1: Keep | G1: Cum.
B2: Je voudrais préparer le diné | D2: 2_4 | G2: =IF(F2="x",COUNTA($F$2:F2),".") -> . | H2: =IF(F2="x",B2,"---") -> ---
A3: ~V | B3: Le préparer | C3: prepare it | G3: =IF(F3="x",COUNTA($F$2:F3),".") -> . | H3: =IF(F3="x",B3,"---") -> ---
B4: Je voudrais le préparer | G4: =IF(F4="x",COUNTA($F$2:F4),".") -> . | H4: =IF(F4="x",B4,"---") -> ---
A5: V | B5: Je peux | G5: =IF(F5="x",COUNTA($F$2:F5),".") -> . | H5: =IF(F5="x",B5,"---") -> ---
B6: Je peux préparer le diné | G6: =IF(F6="x",COUNTA($F$2:F6),".") -> . | H6: =IF(F6="x",B6,"---") -> ---
B7: Je peux le préparer | G7: =IF(F7="x",COUNTA($F$2:F7),".") -> . | H7: =IF(F7="x",B7,"---") -> ---
B8: Il peux | G8: =IF(F8="x",COUNTA($F$2:F8),".") -> . | H8: =IF(F8="x",B8,"---") -> ---
B9: Elle peux | G9: =IF(F9="x",COUNTA($F$2:F9),".") -> . | H9: =IF(F9="x",B9,"---") -> ---
B10: Il peux le préparer | G10: =IF(F10="x",COUNTA($F$2:F10),".") -> . | H10: =IF(F10="x",B10,"---") -> ---
B11: Elle peux le manger | G11: =IF(F11="x",COUNTA($F$2:F11),".") -> . | H11: =IF(F11="x",B11,"---") -> ---
B12: Je peux, tu peux, il peux, elle peux | G12: =IF(F12="x",COUNTA($F$2:F12),".") -> . | H12: =IF(F12="x",B12,"---") -> ---
A13: V | B13: Faire | G13: =IF(F13="x",COUNTA($F$2:F13),".") -> . | H13: =IF(F13="x",B13,"---") -> ---
B14: Il peut le faire | G14: =IF(F14="x",COUNTA($F$2:F14),".") -> . | H14: =IF(F14="x",B14,"---") -> ---
A15: V | B15: Aujourd'hui | G15: =IF(F15="x",COUNTA($F$2:F15),".") -> . | H15: =IF(F15="x",B15,"---") -> ---
B16: Elle peut le faire aujourd'hui | G16: =IF(F16="x",COUNTA($F$2:F16),".") -> . | H16: =IF(F16="x",B16,"---") -> ---
B17: Elle peut le faire demain | G17: =IF(F17="x",COUNTA($F$2:F17),".") -> . | H17: =IF(F17="x",B17,"---") -> ---
B18: Elle ne peut pas | G18: =IF(F18="x",COUNTA($F$2:F18),".") -> . | H18: =IF(F18="x",B18,"---") -> ---
B19: Je peux pas | G19: =IF(F19="x",COUNTA($F$2:F19),".") -> . | H19: =IF(F19="x",B19,"---") -> ---
B20: Je peux pas le faire aujourd'hui | G20: =IF(F20="x",COUNTA($F$2:F20),".") -> . | H20: =IF(F20="x",B20,"---") -> ---
B21: Tu peux | D21: 2_5 | G21: =IF(F21="x",COUNTA($F$2:F21),".") -> . | H21: =IF(F21="x",B21,"---") -> ---
B22: Tu peux le faire demain | G22: =IF(F22="x",COUNTA($F$2:F22),".") -> . | H22: =IF(F22="x",B22,"---") -> ---
B23: Tu peux le faire demain? | G23: =IF(F23="x",COUNTA($F$2:F23),".") -> . | H23: =IF(F23="x",B23,"---") -> ---
B24: Est-que tu peux le faire aujourd'hui? | G24: =IF(F24="x",COUNTA($F$2:F24),".") -> . | H24: =IF(F24="x",B24,"---") -> ---
B25: Je peux le manger? | G25: =IF(F25="x",COUNTA($F$2:F25),".") -> . | H25: =IF(F25="x",B25,"---") -> ---
A26: V | B26: On | G26: =IF(F26="x",COUNTA($F$2:F26),".") -> . | H26: =IF(F26="x",B26,"---") -> ---
B27: On peut | G27: =IF(F27="x",COUNTA($F$2:F27),".") -> . | H27: =IF(F27="x",B27,"---") -> ---
B28: On peut le faire | G28: =IF(F28="x",COUNTA($F$2:F28),".") -> . | H28: =IF(F28="x",B28,"---") -> ---
A29: V | B29: Je peux pas le manger | G29: =IF(F29="x",COUNTA($F$2:F29),".") -> . | H29: =IF(F29="x",B29,"---") -> ---
B30: Je peux pas le faire | G30: =IF(F30="x",COUNTA($F$2:F30),".") -> . | H30: =IF(F30="x",B30,"---") -> ---
B31: Je peux pas le faire aujourd'hui | D31: 2_6~ | G31: =IF(F31="x",COUNTA($F$2:F31),".") -> . | H31: =IF(F31="x",B31,"---") -> ---
A32: V | B32: Comprendre | G32: =IF(F32="x",COUNTA($F$2:F32),".") -> . | H32: =IF(F32="x",B32,"---") -> ---
B33: Je peux comprendre | G33: =IF(F33="x",COUNTA($F$2:F33),".") -> . | H33: =IF(F33="x",B33,"---") -> ---

Sheet S6
A1: Type | B1: Fr | C1: Notes | D1: PN track start | E1: New Item | F1: Keep | G1: Cum.
B2: S6 - Un p'tit déj à Paris | C2: Une amie te fait visiter Paris | G2: =IF(F2="x",COUNTA($F$2:F2),".") -> . | H2: =IF(F2="x",B2,"---") -> ---
B3: Un appartement | F3: x | G3: =IF(F3="x",COUNTA($F$2:F3),".") -> 1 | H3: =IF(F3="x",B3,"---") -> Un appartement
B4: Elle a un appartement à Paris | F4: x | G4: =IF(F4="x",COUNTA($F$2:F4),".") -> 2 | H4: =IF(F4="x",B4,"---") -> Elle a un appartement à Paris
B5: Mon amie a un grand appartement | G5: =IF(F5="x",COUNTA($F$2:F5),".") -> . | H5: =IF(F5="x",B5,"---") -> ---
B6: Elle peut voir Paris | G6: =IF(F6="x",COUNTA($F$2:F6),".") -> . | H6: =IF(F6="x",B6,"---") -> ---
B7: Elle peut voir tout Paris | F7: x | G7: =IF(F7="x",COUNTA($F$2:F7),".") -> 3 | H7: =IF(F7="x",B7,"---") -> Elle peut voir tout Paris
B8: C'est magnifique! | F8: x | G8: =IF(F8="x",COUNTA($F$2:F8),".") -> 4 | H8: =IF(F8="x",B8,"---") -> C'est magnifique!
B9: Et toi, tu as un grand appartement? | F9: x | G9: =IF(F9="x",COUNTA($F$2:F9),".") -> 5 | H9: =IF(F9="x",B9,"---") -> Et toi, tu as un grand appartement?
B10: Non, j'ai un petit appartement | E10: me | F10: x | G10: =IF(F10="x",COUNTA($F$2:F10),".") -> 6 | H10: =IF(F10="x",B10,"---") -> Non, j'ai un petit appartement
B11: Je peux le voir? | C11: guess | E11: te | F11: x | G11: =IF(F11="x",COUNTA($F$2:F11),".") -> 7 | H11: =IF(F11="x",B11,"---") -> Je peux le voir?
B12: Ouah, c'est magnifique! | D12: 2_7 | F12: x | G12: =IF(F12="x",COUNTA($F$2:F12),".") -> 8 | H12: =IF(F12="x",B12,"---") -> Ouah, c'est magnifique!
B13: Je peux te voir | G13: =IF(F13="x",COUNTA($F$2:F13),".") -> . | H13: =IF(F13="x",B13,"---") -> ---
B14: Tu peux me voir? | F14: x | G14: =IF(F14="x",COUNTA($F$2:F14),".") -> 9 | H14: =IF(F14="x",B14,"---") -> Tu peux me voir?
B15: Il peut le voir | F15: x | G15: =IF(F15="x",COUNTA($F$2:F15),".") -> 10 | H15: =IF(F15="x",B15,"---") -> Il peut le voir
B16: Ils peuvent le voir | F16: x | G16: =IF(F16="x",COUNTA($F$2:F16),".") -> 11 | H16: =IF(F16="x",B16,"---") -> Ils peuvent le voir
B17: Ils peuvent me comprendre | G17: =IF(F17="x",COUNTA($F$2:F17),".") -> . | H17: =IF(F17="x",B17,"---") -> ---
B18: On peut | G18: =IF(F18="x",COUNTA($F$2:F18),".") -> . | H18: =IF(F18="x",B18,"---") -> ---
B19: On peut voir Paris | G19: =IF(F19="x",COUNTA($F$2:F19),".") -> . | H19: =IF(F19="x",B19,"---") -> ---
B20: On peut voir tout Paris | F20: x | G20: =IF(F20="x",COUNTA($F$2:F20),".") -> 12 | H20: =IF(F20="x",B20,"---") -> On peut voir tout Paris
B21: Tu peux voir ma voiture? | F21: x | G21: =IF(F21="x",COUNTA($F$2:F21),".") -> 13 | H21: =IF(F21="x",B21,"---") -> Tu peux voir ma voiture?
B22: Non, elle est où? | F22: x | G22: =IF(F22="x",COUNTA($F$2:F22),".") -> 14 | H22: =IF(F22="x",B22,"---") -> Non, elle est où?
B23: Ici, tu peux la voir? | C23: Careful with genre, cf english "I have a sister. Oh can I see it?" | F23: x | G23: =IF(F23="x",COUNTA($F$2:F23),".") -> 15 | H23: =IF(F23="x",B23,"---") -> Ici, tu peux la voir?
B24: Ah oui | G24: =IF(F24="x",COUNTA($F$2:F24),".") -> . | H24: =IF(F24="x",B24,"---") -> ---
B25: Tu peux voir le restau? | F25: x | G25: =IF(F25="x",COUNTA($F$2:F25),".") -> 16 | H25: =IF(F25="x",B25,"---") -> Tu peux voir le restau?
B26: Tu peux le voir? | C26: "le" is often blurred in connected speech -> J'peux l'voir? | G26: =IF(F26="x",COUNTA($F$2:F26),".") -> . | H26: =IF(F26="x",B26,"---") -> ---
B27: Non, il est où? | F27: x | G27: =IF(F27="x",COUNTA($F$2:F27),".") -> 17 | H27: =IF(F27="x",B27,"---") -> Non, il est où?
B28: Où et le restaurant? | G28: =IF(F28="x",COUNTA($F$2:F28),".") -> . | H28: =IF(F28="x",B28,"---") -> ---
B29: Il est là-bas | F29: x | G29: =IF(F29="x",COUNTA($F$2:F29),".") -> 18 | H29: =IF(F29="x",B29,"---") -> Il est là-bas
B30: On peut déjeuner là-bas | F30: x | G30: =IF(F30="x",COUNTA($F$2:F30),".") -> 19 | H30: =IF(F30="x",B30,"---") -> On peut déjeuner là-bas
B31: Maintenant? | F31: x | G31: =IF(F31="x",COUNTA($F$2:F31),".") -> 20 | H31: =IF(F31="x",B31,"---") -> Maintenant?
B32: Non, pas maintenant! | F32: x | G32: =IF(F32="x",COUNTA($F$2:F32),".") -> 21 | H32: =IF(F32="x",B32,"---") -> Non, pas maintenant!
B33: Maintenant, on peut prendre le petit-déjeuner | C33: small lunch | F33: x | G33: =IF(F33="x",COUNTA($F$2:F33),".") -> 22 | H33: =IF(F33="x",B33,"---") -> Maintenant, on peut prendre le petit-déjeuner
B34: C'est délicieux! | F34: x | G34: =IF(F34="x",COUNTA($F$2:F34),".") -> 23 | H34: =IF(F34="x",B34,"---") -> C'est délicieux!

Sheet S7
A1: Type | B1: Fr | C1: Notes | D1: PN track start | E1: New Item | F1: Keep | G1: Cum.
B2: S7 - Un p'tit déj à Paris 2? | C2: Vous avez acheté à manger et tu cuisine pour ton amie | G2: =IF(F2="x",COUNTA($F$2:F2),".") -> . | H2: =IF(F2="x",B2,"---") -> ---
B3: Tu as déjeuné avec ton amie | E3: ton | F3: x | G3: =IF(F3="x",COUNTA($F$2:F3),".") -> 1 | H3: =IF(F3="x",B3,"---") -> Tu as déjeuné avec ton amie
B4: Le retaurant, en France, c'est délicieux, mais c'est très cher! | E4: cher | F4: x | G4: =IF(F4="x",COUNTA($F$2:F4),".") -> 2 | H4: =IF(F4="x",B4,"---") -> Le retaurant, en France, c'est délicieux, mais c'est très cher!
B5: Tu as acheté à manger avec mon amie pour le diner | E5: acheter + à manger | F5: x | G5: =IF(F5="x",COUNTA($F$2:F5),".") -> 3 | H5: =IF(F5="x",B5,"---") -> Tu as acheté à manger avec mon amie pour le diner
B6: Tu as diné avec ton amie | F6: x | G6: =IF(F6="x",COUNTA($F$2:F6),".") -> 4 | H6: =IF(F6="x",B6,"---") -> Tu as diné avec ton amie
B7: Ce soir, vous avez mangé à la maison | E7: avez | F7: x | G7: =IF(F7="x",COUNTA($F$2:F7),".") -> 5 | H7: =IF(F7="x",B7,"---") -> Ce soir, vous avez mangé à la maison
B8: Je peux préparer à manger pour toi | F8: x | G8: =IF(F8="x",COUNTA($F$2:F8),".") -> 6 | H8: =IF(F8="x",B8,"---") -> Je peux préparer à manger pour toi
B9: Super, merci! | F9: x | G9: =IF(F9="x",COUNTA($F$2:F9),".") -> 7 | H9: =IF(F9="x",B9,"---") -> Super, merci!
B10: C'est quoi? | F10: x | G10: =IF(F10="x",COUNTA($F$2:F10),".") -> 8 | H10: =IF(F10="x",B10,"---") -> C'est quoi?
B11: Tu as un chien? | F11: x | G11: =IF(F11="x",COUNTA($F$2:F11),".") -> 9 | H11: =IF(F11="x",B11,"---") -> Tu as un chien?
B12: Oui, j'ai un chien | G12: =IF(F12="x",COUNTA($F$2:F12),".") -> . | H12: =IF(F12="x",B12,"---") -> ---
B13: Où est-il? | F13: x | G13: =IF(F13="x",COUNTA($F$2:F13),".") -> 10 | H13: =IF(F13="x",B13,"---") -> Où est-il?
B14: Je peux le voir | G14: =IF(F14="x",COUNTA($F$2:F14),".") -> . | H14: =IF(F14="x",B14,"---") -> ---
B15: Est-ce que je peux le voir? | F15: x | G15: =IF(F15="x",COUNTA($F$2:F15),".") -> 11 | H15: =IF(F15="x",B15,"---") -> Est-ce que je peux le voir?
B16: Oui bien sûr! | E16: bien sûr | G16: =IF(F16="x",COUNTA($F$2:F16),".") -> . | H16: =IF(F16="x",B16,"---") -> ---
B17: Il est ici | F17: x | G17: =IF(F17="x",COUNTA($F$2:F17),".") -> 12 | H17: =IF(F17="x",B17,"---") -> Il est ici
B18: Il est mignon ! | F18: x | G18: =IF(F18="x",COUNTA($F$2:F18),".") -> 13 | H18: =IF(F18="x",B18,"---") -> Il est mignon !
B19: C'est quoi son nom? | F19: x | G19: =IF(F19="x",COUNTA($F$2:F19),".") -> 14 | H19: =IF(F19="x",B19,"---") -> C'est quoi son nom?
B20: Son nom c'est Biscuit | F20: x | G20: =IF(F20="x",COUNTA($F$2:F20),".") -> 15 | H20: =IF(F20="x",B20,"---") -> Son nom c'est Biscuit
B21: Bonjour Biscuit, moi c'est Nga | F21: x | G21: =IF(F21="x",COUNTA($F$2:F21),".") -> 16 | H21: =IF(F21="x",B21,"---") -> Bonjour Biscuit, moi c'est Nga
B22: N-G-A | F22: x | G22: =IF(F22="x",COUNTA($F$2:F22),".") -> 17 | H22: =IF(F22="x",B22,"---") -> N-G-A
B23: Oh, c'est un nom exotique | F23: x | G23: =IF(F23="x",COUNTA($F$2:F23),".") -> 18 | H23: =IF(F23="x",B23,"---") -> Oh, c'est un nom exotique
B24: Oui, c'est Vietnamien | F24: x | G24: =IF(F24="x",COUNTA($F$2:F24),".") -> 19 | H24: =IF(F24="x",B24,"---") -> Oui, c'est Vietnamien
B25: Ton chien peux manger du chocolat? | E25: du | F25: x | G25: =IF(F25="x",COUNTA($F$2:F25),".") -> 20 | H25: =IF(F25="x",B25,"---") -> Ton chien peux manger du chocolat?

Sheet S8
A1: Type | B1: Fr | C1: Notes | D1: PN | E1: New Item | F1: Keep | G1: Cum.
B2: S8 - Un p'tit déj à Paris 3? | C2: Une amie te fait visiter Paris | G2: =IF(OR(F2="x",F2="x1",F2="x2",F2="x3",F2="x1'"),COUNTA($F$2:F2),".") -> . | H2: =IF(F2="x",B2,IF(AND(F2="x1",F3="x2",F4="x3"),"~ "&B2&CHAR(10)&"~ "&B3&CHAR(10)&"~ "&B4,IF(AND(F2="x1",F3="x2"),"~ "&B2&CHAR(10)&"~ "&B3,IF(AND(F2="x1",F3="x1'"),B2&" "&B3,"---")))) -> ---
A3: last | B3: Ton chien peux manger du chocolat? | G3: =IF(OR(F3="x",F3="x1",F3="x2",F3="x3",F3="x1'"),COUNTA($F$2:F3),".") -> . | H3: =IF(F3="x",B3,IF(AND(F3="x1",F4="x2",F5="x3"),"~ "&B3&CHAR(10)&"~ "&B4&CHAR(10)&"~ "&B5,IF(AND(F3="x1",F4="x2"),"~ "&B3&CHAR(10)&"~ "&B4,IF(AND(F3="x1",F4="x1'"),B3&" "&B4,"---")))) -> ---
B4: Non, il peut pas | G4: =IF(OR(F4="x",F4="x1",F4="x2",F4="x3",F4="x1'"),COUNTA($F$2:F4),".") -> . | H4: =IF(F4="x",B4,IF(AND(F4="x1",F5="x2",F6="x3"),"~ "&B4&CHAR(10)&"~ "&B5&CHAR(10)&"~ "&B6,IF(AND(F4="x1",F5="x2"),"~ "&B4&CHAR(10)&"~ "&B5,IF(AND(F4="x1",F5="x1'"),B4&" "&B5,"---")))) -> ---
B5: C'est dangereux | E5: dangereux | F5: x | G5: =IF(OR(F5="x",F5="x1",F5="x2",F5="x3",F5="x1'"),COUNTA($F$2:F5),".") -> 1 | H5: =IF(F5="x",B5,IF(AND(F5="x1",F6="x2",F7="x3"),"~ "&B5&CHAR(10)&"~ "&B6&CHAR(10)&"~ "&B7,IF(AND(F5="x1",F6="x2"),"~ "&B5&CHAR(10)&"~ "&B6,IF(AND(F5="x1",F6="x1'"),B5&" "&B6,"---")))) -> C'est dangereux
B6: Mais il peut manger des croissants. | C6: ask favorite french dessert | G6: =IF(OR(F6="x",F6="x1",F6="x2",F6="x3",F6="x1'"),COUNTA($F$2:F6),".") -> . | H6: =IF(F6="x",B6,IF(AND(F6="x1",F7="x2",F8="x3"),"~ "&B6&CHAR(10)&"~ "&B7&CHAR(10)&"~ "&B8,IF(AND(F6="x1",F7="x2"),"~ "&B6&CHAR(10)&"~ "&B7,IF(AND(F6="x1",F7="x1'"),B6&" "&B7,"---")))) -> ---
B7: Ah, on peut acheter des croissants pour Biscuit | F7: x | G7: =IF(OR(F7="x",F7="x1",F7="x2",F7="x3",F7="x1'"),COUNTA($F$2:F7),".") -> 2 | H7: =IF(F7="x",B7,IF(AND(F7="x1",F8="x2",F9="x3"),"~ "&B7&CHAR(10)&"~ "&B8&CHAR(10)&"~ "&B9,IF(AND(F7="x1",F8="x2"),"~ "&B7&CHAR(10)&"~ "&B8,IF(AND(F7="x1",F8="x1'"),B7&" "&B8,"---")))) -> Ah, on peut acheter des croissants pour Biscuit
B8: On peut en acheter maintenant? | D8: 349-360 | E8: en | F8: x | G8: =IF(OR(F8="x",F8="x1",F8="x2",F8="x3",F8="x1'"),COUNTA($F$2:F8),".") -> 3 | H8: =IF(F8="x",B8,IF(AND(F8="x1",F9="x2",F10="x3"),"~ "&B8&CHAR(10)&"~ "&B9&CHAR(10)&"~ "&B10,IF(AND(F8="x1",F9="x2"),"~ "&B8&CHAR(10)&"~ "&B9,IF(AND(F8="x1",F9="x1'"),B8&" "&B9,"---")))) -> On peut en acheter maintenant?
A9: Drill en | B9: Je peux le manger? | G9: =IF(OR(F9="x",F9="x1",F9="x2",F9="x3",F9="x1'"),COUNTA($F$2:F9),".") -> . | H9: =IF(F9="x",B9,IF(AND(F9="x1",F10="x2",F11="x3"),"~ "&B9&CHAR(10)&"~ "&B10&CHAR(10)&"~ "&B11,IF(AND(F9="x1",F10="x2"),"~ "&B9&CHAR(10)&"~ "&B10,IF(AND(F9="x1",F10="x1'"),B9&" "&B10,"---")))) -> ---
B10: Je peux en manger? | F10: x1 | G10: =IF(OR(F10="x",F10="x1",F10="x2",F10="x3",F10="x1'"),COUNTA($F$2:F10),".") -> 4 | H10: =IF(F10="x",B10,IF(AND(F10="x1",F11="x2",F12="x3"),"~ "&B10&CHAR(10)&"~ "&B11&CHAR(10)&"~ "&B12,IF(AND(F10="x1",F11="x2"),"~ "&B10&CHAR(10)&"~ "&B11,IF(AND(F10="x1",F11="x1'"),B10&" "&B11,"---")))) -> ~ Je peux en manger? ~ Oui, tu peux en manger, pas de probleme.
B11: Oui, tu peux en manger, pas de probleme. | C11: not like "stay" | F11: x2 | G11: =IF(OR(F11="x",F11="x1",F11="x2",F11="x3",F11="x1'"),COUNTA($F$2:F11),".") -> 5 | H11: =IF(F11="x",B11,IF(AND(F11="x1",F12="x2",F13="x3"),"~ "&B11&CHAR(10)&"~ "&B12&CHAR(10)&"~ "&B13,IF(AND(F11="x1",F12="x2"),"~ "&B11&CHAR(10)&"~ "&B12,IF(AND(F11="x1",F12="x1'"),B11&" "&B12,"---")))) -> ---
B12: Je veux en prendre. | E12: veux | G12: =IF(OR(F12="x",F12="x1",F12="x2",F12="x3",F12="x1'"),COUNTA($F$2:F12),".") -> . | H12: =IF(F12="x",B12,IF(AND(F12="x1",F13="x2",F14="x3"),"~ "&B12&CHAR(10)&"~ "&B13&CHAR(10)&"~ "&B14,IF(AND(F12="x1",F13="x2"),"~ "&B12&CHAR(10)&"~ "&B13,IF(AND(F12="x1",F13="x1'"),B12&" "&B13,"---")))) -> ---
B13: Il y a des chocolats a la maison. | E13: il y a | F13: x1 | G13: =IF(OR(F13="x",F13="x1",F13="x2",F13="x3",F13="x1'"),COUNTA($F$2:F13),".") -> 6 | H13: =IF(F13="x",B13,IF(AND(F13="x1",F14="x2",F15="x3"),"~ "&B13&CHAR(10)&"~ "&B14&CHAR(10)&"~ "&B15,IF(AND(F13="x1",F14="x2"),"~ "&B13&CHAR(10)&"~ "&B14,IF(AND(F13="x1",F14="x1'"),B13&" "&B14,"---")))) -> ~ Il y a des chocolats a la maison. ~ Je veux en prendre.
B14: Je veux en prendre. | F14: x2 | G14: =IF(OR(F14="x",F14="x1",F14="x2",F14="x3",F14="x1'"),COUNTA($F$2:F14),".") -> 7 | H14: =IF(F14="x",B14,IF(AND(F14="x1",F15="x2",F16="x3"),"~ "&B14&CHAR(10)&"~ "&B15&CHAR(10)&"~ "&B16,IF(AND(F14="x1",F15="x2"),"~ "&B14&CHAR(10)&"~ "&B15,IF(AND(F14="x1",F15="x1'"),B14&" "&B15,"---")))) -> ---
B15: Il y a du café? | F15: x1 | G15: =IF(OR(F15="x",F15="x1",F15="x2",F15="x3",F15="x1'"),COUNTA($F$2:F15),".") -> 8 | H15: =IF(F15="x",B15,IF(AND(F15="x1",F16="x2",F17="x3"),"~ "&B15&CHAR(10)&"~ "&B16&CHAR(10)&"~ "&B17,IF(AND(F15="x1",F16="x2"),"~ "&B15&CHAR(10)&"~ "&B16,IF(AND(F15="x1",F16="x1'"),B15&" "&B16,"---")))) -> ~ Il y a du café? ~ Non, je veux en préprarer.
B16: Non, je veux en préprarer. | F16: x2 | G16: =IF(OR(F16="x",F16="x1",F16="x2",F16="x3",F16="x1'"),COUNTA($F$2:F16),".") -> 9 | H16: =IF(F16="x",B16,IF(AND(F16="x1",F17="x2",F18="x3"),"~ "&B16&CHAR(10)&"~ "&B17&CHAR(10)&"~ "&B18,IF(AND(F16="x1",F17="x2"),"~ "&B16&CHAR(10)&"~ "&B17,IF(AND(F16="x1",F17="x1'"),B16&" "&B17,"---")))) -> ---
A17: cont. | B17: Non, pas maintenant. | G17: =IF(OR(F17="x",F17="x1",F17="x2",F17="x3",F17="x1'"),COUNTA($F$2:F17),".") -> . | H17: =IF(F17="x",B17,IF(AND(F17="x1",F18="x2",F19="x3"),"~ "&B17&CHAR(10)&"~ "&B18&CHAR(10)&"~ "&B19,IF(AND(F17="x1",F18="x2"),"~ "&B17&CHAR(10)&"~ "&B18,IF(AND(F17="x1",F18="x1'"),B17&" "&B18,"---")))) -> ---
B18: Je veux manger d'abord. | E18: d'abord | F18: x | G18: =IF(OR(F18="x",F18="x1",F18="x2",F18="x3",F18="x1'"),COUNTA($F$2:F18),".") -> 10 | H18: =IF(F18="x",B18,IF(AND(F18="x1",F19="x2",F20="x3"),"~ "&B18&CHAR(10)&"~ "&B19&CHAR(10)&"~ "&B20,IF(AND(F18="x1",F19="x2"),"~ "&B18&CHAR(10)&"~ "&B19,IF(AND(F18="x1",F19="x1'"),B18&" "&B19,"---")))) -> Je veux manger d'abord.
B19: Ah, tu as tres faim, c'est ca? | F19: x1 | G19: =IF(OR(F19="x",F19="x1",F19="x2",F19="x3",F19="x1'"),COUNTA($F$2:F19),".") -> 11 | H19: =IF(F19="x",B19,IF(AND(F19="x1",F20="x2",F21="x3"),"~ "&B19&CHAR(10)&"~ "&B20&CHAR(10)&"~ "&B21,IF(AND(F19="x1",F20="x2"),"~ "&B19&CHAR(10)&"~ "&B20,IF(AND(F19="x1",F20="x1'"),B19&" "&B20,"---")))) -> ~ Ah, tu as tres faim, c'est ca? ~ Exactement!
B20: Exactement! | F20: x2 | G20: =IF(OR(F20="x",F20="x1",F20="x2",F20="x3",F20="x1'"),COUNTA($F$2:F20),".") -> 12 | H20: =IF(F20="x",B20,IF(AND(F20="x1",F21="x2",F22="x3"),"~ "&B20&CHAR(10)&"~ "&B21&CHAR(10)&"~ "&B22,IF(AND(F20="x1",F21="x2"),"~ "&B20&CHAR(10)&"~ "&B21,IF(AND(F20="x1",F21="x1'"),B20&" "&B21,"---")))) -> ---
B21: Comment est le diné? | E21: comment | F21: x1 | G21: =IF(OR(F21="x",F21="x1",F21="x2",F21="x3",F21="x1'"),COUNTA($F$2:F21),".") -> 13 | H21: =IF(F21="x",B21,IF(AND(F21="x1",F22="x2",F23="x3"),"~ "&B21&CHAR(10)&"~ "&B22&CHAR(10)&"~ "&B23,IF(AND(F21="x1",F22="x2"),"~ "&B21&CHAR(10)&"~ "&B22,IF(AND(F21="x1",F22="x1'"),B21&" "&B22,"---")))) -> Comment est le diné? C'est bon?
B22: C'est bon? | E22: bon | F22: x1' | G22: =IF(OR(F22="x",F22="x1",F22="x2",F22="x3",F22="x1'"),COUNTA($F$2:F22),".") -> 14 | H22: =IF(F22="x",B22,IF(AND(F22="x1",F23="x2",F24="x3"),"~ "&B22&CHAR(10)&"~ "&B23&CHAR(10)&"~ "&B24,IF(AND(F22="x1",F23="x2"),"~ "&B22&CHAR(10)&"~ "&B23,IF(AND(F22="x1",F23="x1'"),B22&" "&B23,"---")))) -> ---
B23: Le diné est parfait, merci! | E23: parfait | F23: x | G23: =IF(OR(F23="x",F23="x1",F23="x2",F23="x3",F23="x1'"),COUNTA($F$2:F23),".") -> 15 | H23: =IF(F23="x",B23,IF(AND(F23="x1",F24="x2",F25="x3"),"~ "&B23&CHAR(10)&"~ "&B24&CHAR(10)&"~ "&B25,IF(AND(F23="x1",F24="x2"),"~ "&B23&CHAR(10)&"~ "&B24,IF(AND(F23="x1",F24="x1'"),B23&" "&B24,"---")))) -> Le diné est parfait, merci!
B24: C''est parfait Nga! | G24: =IF(OR(F24="x",F24="x1",F24="x2",F24="x3",F24="x1'"),COUNTA($F$2:F24),".") -> . | H24: =IF(F24="x",B24,IF(AND(F24="x1",F25="x2",F26="x3"),"~ "&B24&CHAR(10)&"~ "&B25&CHAR(10)&"~ "&B26,IF(AND(F24="x1",F25="x2"),"~ "&B24&CHAR(10)&"~ "&B25,IF(AND(F24="x1",F25="x1'"),B24&" "&B25,"---")))) -> ---
B25: Tu veux prendre un verre? | E25: verre | F25: x1 | G25: =IF(OR(F25="x",F25="x1",F25="x2",F25="x3",F25="x1'"),COUNTA($F$2:F25),".") -> 16 | H25: =IF(F25="x",B25,IF(AND(F25="x1",F26="x2",F27="x3"),"~ "&B25&CHAR(10)&"~ "&B26&CHAR(10)&"~ "&B27,IF(AND(F25="x1",F26="x2"),"~ "&B25&CHAR(10)&"~ "&B26,IF(AND(F25="x1",F26="x1'"),B25&" "&B26,"---")))) -> ~ Tu veux prendre un verre? ~ Pourquoi pas! On peut discuter.
B26: Pourquoi pas! On peut discuter. | F26: x2 | G26: =IF(OR(F26="x",F26="x1",F26="x2",F26="x3",F26="x1'"),COUNTA($F$2:F26),".") -> 17 | H26: =IF(F26="x",B26,IF(AND(F26="x1",F27="x2",F28="x3"),"~ "&B26&CHAR(10)&"~ "&B27&CHAR(10)&"~ "&B28,IF(AND(F26="x1",F27="x2"),"~ "&B26&CHAR(10)&"~ "&B27,IF(AND(F26="x1",F27="x1'"),B26&" "&B27,"---")))) -> ---
B27: Je peux rester chez toi ce soir? | E27: rester | F27: x1 | G27: =IF(OR(F27="x",F27="x1",F27="x2",F27="x3",F27="x1'"),COUNTA($F$2:F27),".") -> 18 | H27: =IF(F27="x",B27,IF(AND(F27="x1",F28="x2",F29="x3"),"~ "&B27&CHAR(10)&"~ "&B28&CHAR(10)&"~ "&B29,IF(AND(F27="x1",F28="x2"),"~ "&B27&CHAR(10)&"~ "&B28,IF(AND(F27="x1",F28="x1'"),B27&" "&B28,"---")))) -> Je peux rester chez toi ce soir? C'est possible?
B28: C'est possible? | D28: 2_10 | E28: dormir | F28: x1' | G28: =IF(OR(F28="x",F28="x1",F28="x2",F28="x3",F28="x1'"),COUNTA($F$2:F28),".") -> 19 | H28: =IF(F28="x",B28,IF(AND(F28="x1",F29="x2",F30="x3"),"~ "&B28&CHAR(10)&"~ "&B29&CHAR(10)&"~ "&B30,IF(AND(F28="x1",F29="x2"),"~ "&B28&CHAR(10)&"~ "&B29,IF(AND(F28="x1",F29="x1'"),B28&" "&B29,"---")))) -> ---
B29: Est-ce que je peux dormir ici ce soir? | G29: =IF(OR(F29="x",F29="x1",F29="x2",F29="x3",F29="x1'"),COUNTA($F$2:F29),".") -> . | H29: =IF(F29="x",B29,IF(AND(F29="x1",F30="x2",F31="x3"),"~ "&B29&CHAR(10)&"~ "&B30&CHAR(10)&"~ "&B31,IF(AND(F29="x1",F30="x2"),"~ "&B29&CHAR(10)&"~ "&B30,IF(AND(F29="x1",F30="x1'"),B29&" "&B30,"---")))) -> ---
B30: Est-ce que je peux dormir chez toi ce soir? | E30: possible | F30: x1 | G30: =IF(OR(F30="x",F30="x1",F30="x2",F30="x3",F30="x1'"),COUNTA($F$2:F30),".") -> 20 | H30: =IF(F30="x",B30,IF(AND(F30="x1",F31="x2",F32="x3"),"~ "&B30&CHAR(10)&"~ "&B31&CHAR(10)&"~ "&B32,IF(AND(F30="x1",F31="x2"),"~ "&B30&CHAR(10)&"~ "&B31,IF(AND(F30="x1",F31="x1'"),B30&" "&B31,"---")))) -> ~ Est-ce que je peux dormir chez toi ce soir? ~ D'accord.
B31: D'accord. | E31: d'accord | F31: x2 | G31: =IF(OR(F31="x",F31="x1",F31="x2",F31="x3",F31="x1'"),COUNTA($F$2:F31),".") -> 21 | H31: =IF(F31="x",B31,IF(AND(F31="x1",F32="x2",F33="x3"),"~ "&B31&CHAR(10)&"~ "&B32&CHAR(10)&"~ "&B33,IF(AND(F31="x1",F32="x2"),"~ "&B31&CHAR(10)&"~ "&B32,IF(AND(F31="x1",F32="x1'"),B31&" "&B32,"---")))) -> ---
B32: Non, désolé, c'est pas possible. | E32: d2sol2 | G32: =IF(OR(F32="x",F32="x1",F32="x2",F32="x3",F32="x1'"),COUNTA($F$2:F32),".") -> . | H32: =IF(F32="x",B32,IF(AND(F32="x1",F33="x2",F34="x3"),"~ "&B32&CHAR(10)&"~ "&B33&CHAR(10)&"~ "&B34,IF(AND(F32="x1",F33="x2"),"~ "&B32&CHAR(10)&"~ "&B33,IF(AND(F32="x1",F33="x1'"),B32&" "&B33,"---")))) -> ---
B33: Merci beaucoup! | E33: beaucoup | G33: =IF(OR(F33="x",F33="x1",F33="x2",F33="x3",F33="x1'"),COUNTA($F$2:F33),".") -> . | H33: =IF(F33="x",B33,IF(AND(F33="x1",F34="x2",F35="x3"),"~ "&B33&CHAR(10)&"~ "&B34&CHAR(10)&"~ "&B35,IF(AND(F33="x1",F34="x2"),"~ "&B33&CHAR(10)&"~ "&B34,IF(AND(F33="x1",F34="x1'"),B33&" "&B34,"---")))) -> ---
B34: Où est ma chambre? | F34: x1 | G34: =IF(OR(F34="x",F34="x1",F34="x2",F34="x3",F34="x1'"),COUNTA($F$2:F34),".") -> 22 | H34: =IF(F34="x",B34,IF(AND(F34="x1",F35="x2",F36="x3"),"~ "&B34&CHAR(10)&"~ "&B35&CHAR(10)&"~ "&B36,IF(AND(F34="x1",F35="x2"),"~ "&B34&CHAR(10)&"~ "&B35,IF(AND(F34="x1",F35="x1'"),B34&" "&B35,"---")))) -> ~ Où est ma chambre? ~ Elle est là-bas.
B35: Elle est là-bas. | F35: x2 | G35: =IF(OR(F35="x",F35="x1",F35="x2",F35="x3",F35="x1'"),COUNTA($F$2:F35),".") -> 23 | H35: =IF(F35="x",B35,IF(AND(F35="x1",F36="x2",F37="x3"),"~ "&B35&CHAR(10)&"~ "&B36&CHAR(10)&"~ "&B37,IF(AND(F35="x1",F36="x2"),"~ "&B35&CHAR(10)&"~ "&B36,IF(AND(F35="x1",F36="x1'"),B35&" "&B36,"---")))) -> ---
B36: Je suis fatiguée. | F36: x1 | G36: =IF(OR(F36="x",F36="x1",F36="x2",F36="x3",F36="x1'"),COUNTA($F$2:F36),".") -> 24 | H36: =IF(F36="x",B36,IF(AND(F36="x1",F37="x2",F38="x3"),"~ "&B36&CHAR(10)&"~ "&B37&CHAR(10)&"~ "&B38,IF(AND(F36="x1",F37="x2"),"~ "&B36&CHAR(10)&"~ "&B37,IF(AND(F36="x1",F37="x1'"),B36&" "&B37,"---")))) -> Je suis fatiguée. Je veux dormir maintenant.
B37: Je veux dormir maintenant. | F37: x1' | G37: =IF(OR(F37="x",F37="x1",F37="x2",F37="x3",F37="x1'"),COUNTA($F$2:F37),".") -> 25 | H37: =IF(F37="x",B37,IF(AND(F37="x1",F38="x2",F39="x3"),"~ "&B37&CHAR(10)&"~ "&B38&CHAR(10)&"~ "&B39,IF(AND(F37="x1",F38="x2"),"~ "&B37&CHAR(10)&"~ "&B38,IF(AND(F37="x1",F38="x1'"),B37&" "&B38,"---")))) -> ---
B38: Est-ce que tu veux prendre ta douche d'abord? | F38: x | G38: =IF(OR(F38="x",F38="x1",F38="x2",F38="x3",F38="x1'"),COUNTA($F$2:F38),".") -> 26 | H38: =IF(F38="x",B38,IF(AND(F38="x1",F39="x2",F40="x3"),"~ "&B38&CHAR(10)&"~ "&B39&CHAR(10)&"~ "&B40,IF(AND(F38="x1",F39="x2"),"~ "&B38&CHAR(10)&"~ "&B39,IF(AND(F38="x1",F39="x1'"),B38&" "&B39,"---")))) -> Est-ce que tu veux prendre ta douche d'abord?
H41: C'est dangereux
H42: Ah, on peut acheter des croissants pour Biscuit
H43: On peut en acheter maintenant?
H44: ~ Je peux en manger? ~ Oui, tu peux en manger, pas de probleme.
H45: ~ Il y a des chocolats a la maison. ~ Je veux en prendre.
H46: ~ Il y a du café? ~ Non, je veux en préprarer.
H47: Je veux manger d'abord.
H48: ~ Ah, tu as tres faim, c'est ca? ~ Exactement!
H49: Comment est le diné? C'est bon?
H50: Le diné est parfait, merci!
H51: ~ Tu veux prendre un verre? ~ Pourquoi pas! On peut discuter.
H52: Je peux rester chez toi ce soir? C'est possible?
... H56: Est-ce que tu veux prendre ta douche d'abord?

Sheet S9
A1: PN | B1: Type | C1: New Item | D1: Fr | E1: Notes | F1: Keep | G1: Cum. | H1: Cards
B2: lesson title | D2: S8 - Un p'tit déj à Paris 3? | E2: Une amie te fait visiter Paris | G2: =IF(F2="x",COUNTA($F$2:F2),".") -> . | H2: =IF(F2="x",D2,IF(AND(F2="x1",F3="x2",F4="x3"),"~"&D2&CHAR(10)&"~ "&D3&CHAR(10)&"~ "&D4,IF(AND(F2="x1",F3="x2"),"~"&D2&CHAR(10)&"~ "&D3,IF(AND(F2="x1",F3="x1'"),D2&" "&D3,"---")))) -> ---
B3: last | D3: Est-ce que tu veux prendre ta douche d'abord? | G3: =IF(F3="x",COUNTA($F$2:F3),".") -> . | H3: =IF(F3="x",D3,IF(AND(F3="x1",F4="x2",F5="x3"),"~"&D3&CHAR(10)&"~ "&D4&CHAR(10)&"~ "&D5,IF(AND(F3="x1",F4="x2"),"~"&D3&CHAR(10)&"~ "&D4,IF(AND(F3="x1",F4="x1'"),D3&" "&D4,"---")))) -> ---
C4: Attendre | D4: Euh, non je vais attendre demain. | F4: x | G4: =IF(F4="x",COUNTA($F$2:F4),".") -> 1 | H4: =IF(F4="x",D4,IF(AND(F4="x1",F5="x2",F6="x3"),"~ "&D4&CHAR(10)&"~ "&D5&CHAR(10)&"~ "&D6,IF(AND(F4="x1",F5="x2"),"~ "&D4&CHAR(10)&"~ "&D5,IF(AND(F4="x1",F5="x1'"),D4&" "&D5,"---")))) -> Euh, non je vais attendre demain.
C5: Sont + toilettes | D5: Où sont les toilettes? | F5: x1 | G5: =IF(F5="x",COUNTA($F$2:F5),".") -> . | H5: =IF(F5="x",D5,IF(AND(F5="x1",F6="x2",F7="x3"),"~ "&D5&CHAR(10)&"~ "&D6&CHAR(10)&"~ "&D7,IF(AND(F5="x1",F6="x2"),"~ "&D5&CHAR(10)&"~ "&D6,IF(AND(F5="x1",F6="x1'"),D5&" "&D6,"---")))) -> ~ Où sont les toilettes? ~ Les toilettes sont là-bas, à droite.
C6: Droite | D6: Les toilettes sont là-bas, à droite. | F6: x2 | G6: =IF(F6="x",COUNTA($F$2:F6),".") -> . | H6: =IF(F6="x",D6,IF(AND(F6="x1",F7="x2",F8="x3"),"~ "&D6&CHAR(10)&"~ "&D7&CHAR(10)&"~ "&D8,IF(AND(F6="x1",F7="x2"),"~ "&D6&CHAR(10)&"~ "&D7,IF(AND(F6="x1",F7="x1'"),D6&" "&D7,"---")))) -> ---
D7: Bonne nuit | F7: x1 | G7: =IF(F7="x",COUNTA($F$2:F7),".") -> . | H7: =IF(F7="x",D7,IF(AND(F7="x1",F8="x2",F9="x3"),"~ "&D7&CHAR(10)&"~ "&D8&CHAR(10)&"~ "&D9,IF(AND(F7="x1",F8="x2"),"~ "&D7&CHAR(10)&"~ "&D8,IF(AND(F7="x1",F8="x1'"),D7&" "&D8,"---")))) -> ~ Bonne nuit ~ Toi aussi
C8: Aussi | D8: Toi aussi | F8: x2 | G8: =IF(F8="x",COUNTA($F$2:F8),".") -> . | H8: =IF(F8="x",D8,IF(AND(F8="x1",F9="x2",F10="x3"),"~ "&D8&CHAR(10)&"~ "&D9&CHAR(10)&"~ "&D10,IF(AND(F8="x1",F9="x2"),"~ "&D8&CHAR(10)&"~ "&D9,IF(AND(F8="x1",F9="x1'"),D8&" "&D9,"---")))) -> ---
C9: Bien + Dormi | D9: Tu as bien dormi? | F9: x1 | G9: =IF(F9="x",COUNTA($F$2:F9),".") -> . | H9: =IF(F9="x",D9,IF(AND(F9="x1",F10="x2",F11="x3"),"~ "&D9&CHAR(10)&"~ "&D10&CHAR(10)&"~ "&D11,IF(AND(F9="x1",F10="x2"),"~ "&D9&CHAR(10)&"~ "&D10,IF(AND(F9="x1",F10="x1'"),D9&" "&D10,"---")))) -> ~ Tu as bien dormi? ~ Oui, et toi? ~ Moi aussi
D10: Oui, et toi? | F10: x2 | G10: =IF(F10="x",COUNTA($F$2:F10),".") -> . | H10: =IF(F10="x",D10,IF(AND(F10="x1",F11="x2",F12="x3"),"~ "&D10&CHAR(10)&"~ "&D11&CHAR(10)&"~ "&D12,IF(AND(F10="x1",F11="x2"),"~ "&D10&CHAR(10)&"~ "&D11,IF(AND(F10="x1",F11="x1'"),D10&" "&D11,"---")))) -> ---
D11: Moi aussi | F11: x3 | G11: =IF(F11="x",COUNTA($F$2:F11),".") -> . | H11: =IF(F11="x",D11,IF(AND(F11="x1",F12="x2",F13="x3"),"~ "&D11&CHAR(10)&"~ "&D12&CHAR(10)&"~ "&D13,IF(AND(F11="x1",F12="x2"),"~ "&D11&CHAR(10)&"~ "&D12,IF(AND(F11="x1",F12="x1'"),D11&" "&D12,"---")))) -> ---
D12: Tu veux prendre ton petit-dej maintenant? | F12: x | G12: =IF(F12="x",COUNTA($F$2:F12),".") -> 9 | H12: =IF(F12="x",D12,IF(AND(F12="x1",F13="x2",F14="x3"),"~ "&D12&CHAR(10)&"~ "&D13&CHAR(10)&"~ "&D14,IF(AND(F12="x1",F13="x2"),"~ "&D12&CHAR(10)&"~ "&D13,IF(AND(F12="x1",F13="x1'"),D12&" "&D13,"---")))) -> Tu veux prendre ton petit-dej maintenant?
C13: Dois | D13: Oui, mais je dois prendre ma douche d'abord | F13: x | G13: =IF(F13="x",COUNTA($F$2:F13),".") -> 10 | H13: =IF(F13="x",D13,IF(AND(F13="x1",F14="x2",F15="x3"),"~ "&D13&CHAR(10)&"~ "&D14&CHAR(10)&"~ "&D15,IF(AND(F13="x1",F14="x2"),"~ "&D13&CHAR(10)&"~ "&D14,IF(AND(F13="x1",F14="x1'"),D13&" "&D14,"---")))) -> Oui, mais je dois prendre ma douche d'abord
B14: P | D14: Je dois prendre mon petit-dej | G14: =IF(F14="x",COUNTA($F$2:F14),".") -> . | H14: =IF(F14="x",D14,IF(AND(F14="x1",F15="x2",F16="x3"),"~ "&D14&CHAR(10)&"~ "&D15&CHAR(10)&"~ "&D16,IF(AND(F14="x1",F15="x2"),"~ "&D14&CHAR(10)&"~ "&D15,IF(AND(F14="x1",F15="x1'"),D14&" "&D15,"---")))) -> ---
D15: Tu dois acheter a manger | G15: =IF(F15="x",COUNTA($F$2:F15),".") -> . | H15: =IF(F15="x",D15,IF(AND(F15="x1",F16="x2",F17="x3"),"~ "&D15&CHAR(10)&"~ "&D16&CHAR(10)&"~ "&D17,IF(AND(F15="x1",F16="x2"),"~ "&D15&CHAR(10)&"~ "&D16,IF(AND(F15="x1",F16="x1'"),D15&" "&D16,"---")))) -> ---
C16: La vie | D16: On doit discuter de la vie | F16: x | G16: =IF(F16="x",COUNTA($F$2:F16),".") -> 11 | H16: =IF(F16="x",D16,IF(AND(F16="x1",F17="x2",F18="x3"),"~ "&D16&CHAR(10)&"~ "&D17&CHAR(10)&"~ "&D18,IF(AND(F16="x1",F17="x2"),"~ "&D16&CHAR(10)&"~ "&D17,IF(AND(F16="x1",F17="x1'"),D16&" "&D17,"---")))) -> On doit discuter de la vie
D17: Tu dois preparer du café | F17: x | G17: =IF(F17="x",COUNTA($F$2:F17),".") -> 12 | H17: =IF(F17="x",D17,IF(AND(F17="x1",F18="x2",F19="x3"),"~ "&D17&CHAR(10)&"~ "&D18&CHAR(10)&"~ "&D19,IF(AND(F17="x1",F18="x2"),"~ "&D17&CHAR(10)&"~ "&D18,IF(AND(F17="x1",F18="x1'"),D17&" "&D18,"---")))) -> Tu dois preparer du café
C18: Partir | D18: Je dois partir maintenant | F18: x1 | G18: =IF(F18="x",COUNTA($F$2:F18),".") -> . | H18: =IF(F18="x",D18,IF(AND(F18="x1",F19="x2",F20="x3"),"~ "&D18&CHAR(10)&"~ "&D19&CHAR(10)&"~ "&D20,IF(AND(F18="x1",F19="x2"),"~ "&D18&CHAR(10)&"~ "&D19,IF(AND(F18="x1",F19="x1'"),D18&" "&D19,"---")))) -> ~ Je dois partir maintenant ~ Non, tu dois manger d'abord!
D19: Non, tu dois manger d'abord! | F19: x2 | G19: =IF(F19="x",COUNTA($F$2:F19),".") -> . | H19: =IF(F19="x",D19,IF(AND(F19="x1",F20="x2",F21="x3"),"~ "&D19&CHAR(10)&"~ "&D20&CHAR(10)&"~ "&D21,IF(AND(F19="x1",F20="x2"),"~ "&D19&CHAR(10)&"~ "&D20,IF(AND(F19="x1",F20="x1'"),D19&" "&D20,"---")))) -> ---
C20: Avant de | D20: Tu dois manger avant de partir | F20: x | G20: =IF(F20="x",COUNTA($F$2:F20),".") -> 15 | H20: =IF(F20="x",D20,IF(AND(F20="x1",F21="x2",F22="x3"),"~ "&D20&CHAR(10)&"~ "&D21&CHAR(10)&"~ "&D22,IF(AND(F20="x1",F21="x2"),"~ "&D20&CHAR(10)&"~ "&D21,IF(AND(F20="x1",F21="x1'"),D20&" "&D21,"---")))) -> Tu dois manger avant de partir
D21: Je dois prendre une douche avant de dormir | F21: x | G21: =IF(F21="x",COUNTA($F$2:F21),".") -> 16 | H21: =IF(F21="x",D21,IF(AND(F21="x1",F22="x2",F23="x3"),"~ "&D21&CHAR(10)&"~ "&D22&CHAR(10)&"~ "&D23,IF(AND(F21="x1",F22="x2"),"~ "&D21&CHAR(10)&"~ "&D22,IF(AND(F21="x1",F22="x1'"),D21&" "&D22,"---")))) -> Je dois prendre une douche avant de dormir
C22: Bon | D22: Bon, d'accord | G22: =IF(F22="x",COUNTA($F$2:F22),".") -> . | H22: =IF(F22="x",D22,IF(AND(F22="x1",F23="x2",F24="x3"),"~ "&D22&CHAR(10)&"~ "&D23&CHAR(10)&"~ "&D24,IF(AND(F22="x1",F23="x2"),"~ "&D22&CHAR(10)&"~ "&D23,IF(AND(F22="x1",F23="x1'"),D22&" "&D23,"---")))) -> ---
C23: Boire + lait | D23: Tu veux boire du lait? | F23: x1 | G23: =IF(F23="x",COUNTA($F$2:F23),".") -> . | H23: =IF(F23="x",D23,IF(AND(F23="x1",F24="x2",F25="x3"),"~ "&D23&CHAR(10)&"~ "&D24&CHAR(10)&"~ "&D25,IF(AND(F23="x1",F24="x2"),"~ "&D23&CHAR(10)&"~ "&D24,IF(AND(F23="x1",F24="x1'"),D23&" "&D24,"---")))) -> ~ Tu veux boire du lait? ~ Non merci, j'en veux pas
C24: en + neg | D24: Non merci, j'en veux pas | F24: x2 | G24: =IF(F24="x",COUNTA($F$2:F24),".") -> . | H24: =IF(F24="x",D24,IF(AND(F24="x1",F25="x2",F26="x3"),"~ "&D24&CHAR(10)&"~ "&D25&CHAR(10)&"~ "&D26,IF(AND(F24="x1",F25="x2"),"~ "&D24&CHAR(10)&"~ "&D25,IF(AND(F24="x1",F25="x1'"),D24&" "&D25,"---")))) -> ---
B25: P | C25: pain | D25: Tu as du pain? | G25: =IF(F25="x",COUNTA($F$2:F25),".") -> . | H25: =IF(F25="x",D25,IF(AND(F25="x1",F26="x2",F27="x3"),"~ "&D25&CHAR(10)&"~ "&D26&CHAR(10)&"~ "&D27,IF(AND(F25="x1",F26="x2"),"~ "&D25&CHAR(10)&"~ "&D26,IF(AND(F25="x1",F26="x1'"),D25&" "&D26,"---")))) -> ---
B26: P | C26: stp | D26: Tu as du pain, stp? | F26: x1 | G26: =IF(F26="x",COUNTA($F$2:F26),".") -> . | H26: =IF(F26="x",D26,IF(AND(F26="x1",F27="x2",F28="x3"),"~ "&D26&CHAR(10)&"~ "&D27&CHAR(10)&"~ "&D28,IF(AND(F26="x1",F27="x2"),"~ "&D26&CHAR(10)&"~ "&D27,IF(AND(F26="x1",F27="x1'"),D26&" "&D27,"---")))) -> ~ Tu as du pain, stp? ~ Non, j'en ai pas achete
B27: P | D27: Non, j'en ai pas achete | F27: x2 | G27: =IF(F27="x",COUNTA($F$2:F27),".") -> . | H27: =IF(F27="x",D27,IF(AND(F27="x1",F28="x2",F29="x3"),"~ "&D27&CHAR(10)&"~ "&D28&CHAR(10)&"~ "&D29,IF(AND(F27="x1",F28="x2"),"~ "&D27&CHAR(10)&"~ "&D28,IF(AND(F27="x1",F28="x1'"),D27&" "&D28,"---")))) -> ---
B28: P | D28: Ah, et tu as du café? | F28: x1 | G28: =IF(F28="x",COUNTA($F$2:F28),".") -> . | H28: =IF(F28="x",D28,IF(AND(F28="x1",F29="x2",F30="x3"),"~ "&D28&CHAR(10)&"~ "&D29&CHAR(10)&"~ "&D30,IF(AND(F28="x1",F29="x2"),"~ "&D28&CHAR(10)&"~ "&D29,IF(AND(F28="x1",F29="x1'"),D28&" "&D29,"---")))) -> ~ Ah, et tu as du café? ~ Oui j'en ai, mais j'en ai pas preparé…
D29: Oui j'en ai, mais j'en ai pas preparé… | F29: x2 | G29: =IF(F29="x",COUNTA($F$2:F29),".") -> . | H29: =IF(F29="x",D29,IF(AND(F29="x1",F30="x2",F31="x3"),"~ "&D29&CHAR(10)&"~ "&D30&CHAR(10)&"~ "&D31,IF(AND(F29="x1",F30="x2"),"~ "&D29&CHAR(10)&"~ "&D30,IF(AND(F29="x1",F30="x1'"),D29&" "&D30,"---")))) -> ---
C30: C'est pas grave | D30: C'est pas grave | F30: x | G30: =IF(F30="x",COUNTA($F$2:F30),".") -> 23 | H30: =IF(F30="x",D30,IF(AND(F30="x1",F31="x2",F32="x3"),"~ "&D30&CHAR(10)&"~ "&D31&CHAR(10)&"~ "&D32,IF(AND(F30="x1",F31="x2"),"~ "&D30&CHAR(10)&"~ "&D31,IF(AND(F30="x1",F31="x1'"),D30&" "&D31,"---")))) -> C'est pas grave
D31: Je dois aller voir au Louvre maintenant | E31: au = à + le | F31: x | G31: =IF(F31="x",COUNTA($F$2:F31),".") -> 24 | H31: =IF(F31="x",D31,IF(AND(F31="x1",F32="x2",F33="x3"),"~ "&D31&CHAR(10)&"~ "&D32&CHAR(10)&"~ "&D33,IF(AND(F31="x1",F32="x2"),"~ "&D31&CHAR(10)&"~ "&D32,IF(AND(F31="x1",F32="x1'"),D31&" "&D32,"---")))) -> Je dois aller voir au Louvre maintenant
D32: Je dois prendre un taxi | G32: =IF(F32="x",COUNTA($F$2:F32),".") -> . | H32: =IF(F32="x",D32,IF(AND(F32="x1",F33="x2",F34="x3"),"~ "&D32&CHAR(10)&"~ "&D33&CHAR(10)&"~ "&D34,IF(AND(F32="x1",F33="x2"),"~ "&D32&CHAR(10)&"~ "&D33,IF(AND(F32="x1",F33="x1'"),D32&" "&D33,"---")))) -> ---
C33: Où est-ce que | D33: Où est-ce que je peux prendre un taxi? | F33: x | G33: =IF(F33="x",COUNTA($F$2:F33),".") -> 25 | H33: =IF(F33="x",D33,IF(AND(F33="x1",F34="x2",F35="x3"),"~ "&D33&CHAR(10)&"~ "&D34&CHAR(10)&"~ "&D35,IF(AND(F33="x1",F34="x2"),"~ "&D33&CHAR(10)&"~ "&D34,IF(AND(F33="x1",F34="x1'"),D33&" "&D34,"---")))) -> Où est-ce que je peux prendre un taxi?
C34: Appeler | D34: Je peux appeler un taxi pour toi | F34: x1 | G34: =IF(F34="x",COUNTA($F$2:F34),".") -> . | H34: =IF(F34="x",D34,IF(AND(F34="x1",F35="x2",F36="x3"),"~ "&D34&CHAR(10)&"~ "&D35&CHAR(10)&"~ "&D36,IF(AND(F34="x1",F35="x2"),"~ "&D34&CHAR(10)&"~ "&D35,IF(AND(F34="x1",F35="x1'"),D34&" "&D35,"---")))) -> ~ Je peux appeler un taxi pour toi ~ Super, merci!
D35: Super, merci! | F35: x2 | G35: =IF(F35="x",COUNTA($F$2:F35),".") -> . | H35: =IF(F35="x",D35,IF(AND(F35="x1",F36="x2",F37="x3"),"~ "&D35&CHAR(10)&"~ "&D36&CHAR(10)&"~ "&D37,IF(AND(F35="x1",F36="x2"),"~ "&D35&CHAR(10)&"~ "&D36,IF(AND(F35="x1",F36="x1'"),D35&" "&D36,"---")))) -> ---
C36: 10 + minutes | D36: Tu dois attendre le taxi 10 minutes | F36: x | G36: =IF(F36="x",COUNTA($F$2:F36),".") -> 28 | H36: =IF(F36="x",D36,IF(AND(F36="x1",F37="x2",F38="x3"),"~ "&D36&CHAR(10)&"~ "&D37&CHAR(10)&"~ "&D38,IF(AND(F36="x1",F37="x2"),"~ "&D36&CHAR(10)&"~ "&D37,IF(AND(F36="x1",F37="x1'"),D36&" "&D37,"---")))) -> Tu dois attendre le taxi 10 minutes
C37: Combien? | D37: Ok, et c'est combien? | F37: x1 | G37: =IF(F37="x",COUNTA($F$2:F37),".") -> . | H37: =IF(F37="x",D37,IF(AND(F37="x1",F38="x2",F39="x3"),"~ "&D37&CHAR(10)&"~ "&D38&CHAR(10)&"~ "&D39,IF(AND(F37="x1",F38="x2"),"~ "&D37&CHAR(10)&"~ "&D38,IF(AND(F37="x1",F38="x1'"),D37&" "&D38,"---")))) -> ~ Ok, et c'est combien? ~ C'est 10 euros
C38: Euro | D38: C'est 10 euros | F38: x2 | G38: =IF(F38="x",COUNTA($F$2:F38),".") -> . | H38: =IF(F38="x",D38,IF(AND(F38="x1",F39="x2",F40="x3"),"~ "&D38&CHAR(10)&"~ "&D39&CHAR(10)&"~ "&D40,IF(AND(F38="x1",F39="x2"),"~ "&D38&CHAR(10)&"~ "&D39,IF(AND(F38="x1",F39="x1'"),D38&" "&D39,"---")))) -> ---
C39: Au revoir | D39: D'accord, au revoir! | F39: x1 | G39: =IF(F39="x",COUNTA($F$2:F39),".") -> . | H39: =IF(F39="x",D39,IF(AND(F39="x1",F40="x2",F41="x3"),"~ "&D39&CHAR(10)&"~ "&D40&CHAR(10)&"~ "&D42,IF(AND(F39="x1",F40="x2"),"~ "&D39&CHAR(10)&"~ "&D40,IF(AND(F39="x1",F40="x1'"),D39&" "&D40,"---")))) -> ~ D'accord, au revoir! ~ A plus tard!
C40: Plus tard | D40: A plus tard! | F40: x2 | G40: =COUNTA($F$2:F40) -> 32 | H40: =IF(F40="x",D40,IF(AND(F40="x1",F41="x2",F42="x3"),"~ "&D40&CHAR(10)&"~ "&D42&CHAR(10)&"~ "&D43,IF(AND(F40="x1",F41="x2"),"~ "&D40&CHAR(10)&"~ "&D42,IF(AND(F40="x1",F41="x1'"),D40&" "&D42,"---")))) -> ---
G41: Cards
E43: BUTTON ONCLICK FILTERS KEPT SENTENCES AND APPEND THEM TO ANKI SHEET
D44: Warm up content
D45: discuter vn | H45: ↓↓↓ NEW SENTENCES PREVIEW ↓↓↓
D46: tu veux dormir | E46: Euh, non je vais attendre demain.
D47: les/des | E47: ~ Où sont les toilettes? ~ Les toilettes sont là-bas, à droite.
D48: quoi/pourquoi | E48: ~ Bonne nuit ~ Toi aussi
D49: Tu es ou? Chez moi | E49: ~ Tu as bien dormi? ~ Oui, et toi? ~ Moi aussi
D50: ils veulent le prendre maintenant | E50: Tu veux prendre ton petit-dej maintenant?
D51: ils veulent en prendre maintenant | E51: Oui, mais je dois prendre ma douche d'abord
E52: On doit discuter de la vie
E53: Tu dois preparer le café
E54: ~ Je dois partir maintenant ~ Non, tu dois manger d'abord!
E55: Tu dois manger avant de partir
E56: Je dois prendre une douche avant de dormir
E57: ~ Tu veux boire du lait? ~ Non merci, j'en veux pas
E58: ~ Tu as du pain, stp? ~ Non, j'en ai pas achete
E59: ~ Ah, et tu as du café? ~ Oui j'en ai, mais j'en ai pas preparé…
E60: C'est pas grave
E61: Je dois aller voir au Louvre maintenant
E62: Où est-ce que je peux prendre un taxi?
E63: ~ Je peux appeler un taxi pour toi ~ Super, merci!
... E66: ~ D'accord, au revoir! ~ A plus tard!

Sheet S10
A1: Type | B1: New Item | C1: Fr | D1: Notes | E1: Keep | F1: Cum.
A2: lesson title | C2: S10 - Paris 5 - En taxi vers Le Louvre | D2: Une amie te fait visiter Paris #5
A3: last | C3: A plus tard!
A4: Warm up
B16: Monsieur | C16: Bonjour Monsieur | F16: =IF(E16="x",COUNTA($E$2:E16),".") -> . | G16: =IF(E16="x",C16,IF(AND(E16="x1",E17="x2",E18="x3"),"~ "&C16&CHAR(10)&"~ "&C17&CHAR(10)&"~ "&C18,IF(AND(E16="x1",E17="x2"),"~ "&C16&CHAR(10)&"~ "&C17,IF(AND(E16="x1",E17="x1'"),C16&" "&C17,"---")))) -> ---
B17: Mademoiselle | C17: Bonjour Mademoiselle | F17: =IF(E17="x",COUNTA($E$2:E17),".") -> . | G17: =IF(E17="x",C17,IF(AND(E17="x1",E18="x2",E19="x3"),"~ "&C17&CHAR(10)&"~ "&C18&CHAR(10)&"~ "&C19,IF(AND(E17="x1",E18="x2"),"~ "&C17&CHAR(10)&"~ "&C18,IF(AND(E17="x1",E18="x1'"),C17&" "&C18,"---")))) -> ---
B18: apres | C18: Je dois payer maintenant ou apres? | F18: =IF(E18="x",COUNTA($E$2:E18),".") -> . | G18: =IF(E18="x",C18,IF(AND(E18="x1",E19="x2",E20="x3"),"~ "&C18&CHAR(10)&"~ "&C19&CHAR(10)&"~ "&C20,IF(AND(E18="x1",E19="x2"),"~ "&C18&CHAR(10)&"~ "&C19,IF(AND(E18="x1",E19="x1'"),C18&" "&C19,"---")))) -> ---
B19: tout a l'heure | C19: Vous pouvez payer tout 0 l'heure | F19: =IF(E19="x",COUNTA($E$2:E19),".") -> . | G19: =IF(E19="x",C19,IF(AND(E19="x1",E20="x2",E21="x3"),"~ "&C19&CHAR(10)&"~ "&C20&CHAR(10)&"~ "&C21,IF(AND(E19="x1",E20="x2"),"~ "&C19&CHAR(10)&"~ "&C20,IF(AND(E19="x1",E20="x1'"),C19&" "&C20,"---")))) -> ---
B20: rentrer | C20: Vous voulez aller au Louvre, c'est ca? | D20: drill voulez + voulons | F20: =IF(E20="x",COUNTA($E$2:E20),".") -> . | G20: =IF(E20="x",C20,IF(AND(E20="x1",E21="x2",E22="x3"),"~ "&C20&CHAR(10)&"~ "&C21&CHAR(10)&"~ "&C22,IF(AND(E20="x1",E21="x2"),"~ "&C20&CHAR(10)&"~ "&C21,IF(AND(E20="x1",E21="x1'"),C20&" "&C21,"---")))) -> ---
B21: heure | C21: Oui, je vais visiter le musee et apres je vais rentrer a la maison | D21: prerecord and work through it bits by bits? | F21: =IF(E21="x",COUNTA($E$2:E21),".") -> . | G21: =IF(E21="x",C21,IF(AND(E21="x1",E22="x2",E23="x3"),"~ "&C21&CHAR(10)&"~ "&C22&CHAR(10)&"~ "&C23,IF(AND(E21="x1",E22="x2"),"~ "&C21&CHAR(10)&"~ "&C22,IF(AND(E21="x1",E22="x1'"),C21&" "&C22,"---")))) -> ---
B22: quelle | C22: Quelle heure est-il? | F22: =IF(E22="x",COUNTA($E$2:E22),".") -> . | G22: =IF(E22="x",C22,IF(AND(E22="x1",E23="x2",E24="x3"),"~ "&C22&CHAR(10)&"~ "&C23&CHAR(10)&"~ "&C24,IF(AND(E22="x1",E23="x2"),"~ "&C22&CHAR(10)&"~ "&C23,IF(AND(E22="x1",E23="x1'"),C22&" "&C23,"---")))) -> ---
C23: Il est quelle heure? | F23: =IF(E23="x",COUNTA($E$2:E23),".") -> . | G23: =IF(E23="x",C23,IF(AND(E23="x1",E24="x2",E25="x3"),"~ "&C23&CHAR(10)&"~ "&C24&CHAR(10)&"~ "&C25,IF(AND(E23="x1",E24="x2"),"~ "&C23&CHAR(10)&"~ "&C24,IF(AND(E23="x1",E24="x1'"),C23&" "&C24,"---")))) -> ---
F24: =IF(E24="x",COUNTA($E$2:E24),".") -> . | G24: =IF(E24="x",C24,IF(AND(E24="x1",E25="x2",E26="x3"),"~ "&C24&CHAR(10)&"~ "&C25&CHAR(10)&"~ "&C26,IF(AND(E24="x1",E25="x2"),"~ "&C24&CHAR(10)&"~ "&C25,IF(AND(E24="x1",E25="x1'"),C24&" "&C25,"---")))) -> ---
B25: hut | C25: Il est 8 heures | F25: =IF(E25="x",COUNTA($E$2:E25),".") -> . | G25: =IF(E25="x",C25,IF(AND(E25="x1",E26="x2",E27="x3"),"~ "&C25&CHAR(10)&"~ "&C26&CHAR(10)&"~ "&C29,IF(AND(E25="x1",E26="x2"),"~ "&C25&CHAR(10)&"~ "&C26,IF(AND(E25="x1",E26="x1'"),C25&" "&C26,"---")))) -> ---
A26: P | B26: deja | C26: Ah, d2j0 huit heures… | F26: =IF(E26="x",COUNTA($E$2:E26),".") -> . | G26: =IF(E26="x",C26,IF(AND(E26="x1",E27="x2",E28="x3"),"~ "&C26&CHAR(10)&"~ "&C29&CHAR(10)&"~ "&C30,IF(AND(E26="x1",E27="x2"),"~ "&C26&CHAR(10)&"~ "&C29,IF(AND(E26="x1",E27="x1'"),C26&" "&C29,"---")))) -> ---
B27: vite | C27: Vous voulez aller plus vite? | F27: =IF(E27="x",COUNTA($E$2:E27),".") -> . | G27: =IF(E27="x",C29,IF(AND(E27="x1",E28="x2",E29="x3"),"~ "&C29&CHAR(10)&"~ "&C30&CHAR(10)&"~ "&C31,IF(AND(E27="x1",E28="x2"),"~ "&C29&CHAR(10)&"~ "&C30,IF(AND(E27="x1",E28="x1'"),C29&" "&C30,"---")))) -> ---
C28: Non, c'est bon merci | F28: =IF(E28="x",COUNTA($E$2:E28),".") -> . | G28: =IF(E28="x",C30,IF(AND(E28="x1",E29="x2",E30="x3"),"~ "&C30&CHAR(10)&"~ "&C31&CHAR(10)&"~ "&C32,IF(AND(E28="x1",E29="x2"),"~ "&C30&CHAR(10)&"~ "&C31,IF(AND(E28="x1",E29="x1'"),C30&" "&C31,"---")))) -> ---
B29: accent | C29: Vous avez un accent non? | F29: =IF(E29="x",COUNTA($E$2:E29),".") -> . | G29: =IF(E29="x",C31,IF(AND(E29="x1",E30="x2",E31="x3"),"~ "&C31&CHAR(10)&"~ "&C32&CHAR(10)&"~ "&C33,IF(AND(E29="x1",E30="x2"),"~ "&C31&CHAR(10)&"~ "&C32,IF(AND(E29="x1",E30="x1'"),C31&" "&C32,"---")))) -> ---
B30: compris | C30: Pardon? J'ai pas compris | F30: =IF(E30="x",COUNTA($E$2:E30),".") -> . | G30: =IF(E30="x",C32,IF(AND(E30="x1",E31="x2",E32="x3"),"~ "&C32&CHAR(10)&"~ "&C33&CHAR(10)&"~ "&C34,IF(AND(E30="x1",E31="x2"),"~ "&C32&CHAR(10)&"~ "&C33,IF(AND(E30="x1",E31="x1'"),C32&" "&C33,"---")))) -> ---
B31: etes+d'ou | C31: Vous etes d'ou? | F31: =IF(E31="x",COUNTA($E$2:E31),".") -> . | G31: =IF(E31="x",C33,IF(AND(E31="x1",E32="x2",E33="x3"),"~ "&C33&CHAR(10)&"~ "&C34&CHAR(10)&"~ "&C35,IF(AND(E31="x1",E32="x2"),"~ "&C33&CHAR(10)&"~ "&C34,IF(AND(E31="x1",E32="x1'"),C33&" "&C34,"---")))) -> ---
B32: vietnamienne | C32: Je suis Vietnamienne | F32: =IF(E32="x",COUNTA($E$2:E32),".") -> . | G32: =IF(E32="x",C34,IF(AND(E32="x1",E33="x2",E34="x3"),"~ "&C34&CHAR(10)&"~ "&C35&CHAR(10)&"~ "&C36,IF(AND(E32="x1",E33="x2"),"~ "&C34&CHAR(10)&"~ "&C35,IF(AND(E32="x1",E33="x1'"),C34&" "&C35,"---")))) -> ---
B33: appris | C33: Vous avez appris le Francais au Vietnam? | F33: =IF(E33="x",COUNTA($E$2:E33),".") -> . | G33: =IF(E33="x",C35,IF(AND(E33="x1",E34="x2",E35="x3"),"~ "&C35&CHAR(10)&"~ "&C36&CHAR(10)&"~ "&C37,IF(AND(E33="x1",E34="x2"),"~ "&C35&CHAR(10)&"~ "&C36,IF(AND(E33="x1",E34="x1'"),C35&" "&C36,"---")))) -> ---
B34: tard | C34: Oui, je voudrais travailler en France plus tard | F34: =IF(E34="x",COUNTA($E$2:E34),".") -> . | G34: =IF(E34="x",C36,IF(AND(E34="x1",E35="x2",E36="x3"),"~ "&C36&CHAR(10)&"~ "&C37&CHAR(10)&"~ "&C38,IF(AND(E34="x1",E35="x2"),"~ "&C36&CHAR(10)&"~ "&C37,IF(AND(E34="x1",E35="x1'"),C36&" "&C37,"---")))) -> ---
C35: *insert question to driver* | F35: =IF(E35="x",COUNTA($E$2:E35),".") -> . | G35: =IF(E35="x",C37,IF(AND(E35="x1",E36="x2",E37="x3"),"~ "&C37&CHAR(10)&"~ "&C38&CHAR(10)&"~ "&#REF!,IF(AND(E35="x1",E36="x2"),"~ "&C37&CHAR(10)&"~ "&C38,IF(AND(E35="x1",E36="x1'"),C37&" "&C38,"---")))) -> ---
B36: fait + temps | C36: Et vous, vous avez fait ca combien de temps? | F36: =IF(E36="x",COUNTA($E$2:E36),".") -> . | G36: =IF(E36="x",C38,IF(AND(E36="x1",E37="x2",E38="x3"),"~ "&C38&CHAR(10)&"~ "&#REF!&CHAR(10)&"~ "&#REF!,IF(AND(E36="x1",E37="x2"),"~ "&C38&CHAR(10)&"~ "&#REF!,IF(AND(E36="x1",E37="x1'"),C38&" "&#REF!,"---")))) -> ---
A37: P | B37: chauffeur | C37: Tu veux dire chauffeur de taxi? Oui | F37: =IF(E37="x",COUNTA($E$2:E37),".") -> . | G37: =IF(E37="x",#REF!,IF(AND(E37="x1",E38="x2",E39="x3"),"~ "&#REF!&CHAR(10)&"~ "&#REF!&CHAR(10)&"~ "&C39,IF(AND(E37="x1",E38="x2"),"~ "&#REF!&CHAR(10)&"~ "&#REF!,IF(AND(E37="x1",E38="x1'"),#REF!&" "&#REF!,"---")))) -> ---
A38: P | B38: ans | C38: Ca fait huit ans dej0 | F38: =IF(E38="x",COUNTA($E$2:E38),".") -> . | G38: =IF(E38="x",#REF!,IF(AND(E38="x1",E39="x2",E40="x3"),"~ "&#REF!&CHAR(10)&"~ "&C39&CHAR(10)&"~ "&C40,IF(AND(E38="x1",E39="x2"),"~ "&#REF!&CHAR(10)&"~ "&C39,IF(AND(E38="x1",E39="x1'"),#REF!&" "&C39,"---")))) -> ---
A39: P | B39: longtemps | C39: Ouah, ca fait longtemps! | F39: =IF(E39="x",COUNTA($E$2:E39),".") -> . | G39: =IF(E39="x",C39,IF(AND(E39="x1",E40="x2",E41="x3"),"~ "&C39&CHAR(10)&"~ "&C40&CHAR(10)&"~ "&C41,IF(AND(E39="x1",E40="x2"),"~ "&C39&CHAR(10)&"~ "&C40,IF(AND(E39="x1",E40="x1'"),C39&" "&C40,"---")))) -> ---
A40: P | B40: pardon | C40: Pardon… Allo? | F40: =IF(E40="x",COUNTA($E$2:E40),".") -> . | G40: =IF(E40="x",C40,IF(AND(E40="x1",E41="x2",E42="x3"),"~ "&C40&CHAR(10)&"~ "&C41&CHAR(10)&"~ "&C42,IF(AND(E40="x1",E41="x2"),"~ "&C40&CHAR(10)&"~ "&C41,IF(AND(E40="x1",E41="x1'"),C40&" "&C41,"---")))) -> ---
C41: Oui, *insert name* ca va? | F41: =IF(E41="x",COUNTA($E$2:E41),".") -> . | G41: =IF(E41="x",C41,IF(AND(E41="x1",E42="x2",E43="x3"),"~ "&C41&CHAR(10)&"~ "&C42&CHAR(10)&"~ "&C43,IF(AND(E41="x1",E42="x2"),"~ "&C41&CHAR(10)&"~ "&C42,IF(AND(E41="x1",E42="x1'"),C41&" "&C42,"---")))) -> ---
B42: vas | C42: Hey Nga, tu vas rentrer a quelle heure ce soir? | F42: =IF(E42="x",COUNTA($E$2:E42),".") -> . | G42: =IF(E42="x",C42,IF(AND(E42="x1",E43="x2",E44="x3"),"~ "&C42&CHAR(10)&"~ "&C43&CHAR(10)&"~ "&C44,IF(AND(E42="x1",E43="x2"),"~ "&C42&CHAR(10)&"~ "&C43,IF(AND(E42="x1",E43="x1'"),C42&" "&C43,"---")))) -> ---
B43: vers | C43: Euh, vers sept heures | F43: =IF(E43="x",COUNTA($E$2:E43),".") -> . | G43: =IF(E43="x",C43,IF(AND(E43="x1",E44="x2",E45="x3"),"~ "&C43&CHAR(10)&"~ "&C44&CHAR(10)&"~ "&C45,IF(AND(E43="x1",E44="x2"),"~ "&C43&CHAR(10)&"~ "&C44,IF(AND(E43="x1",E44="x1'"),C43&" "&C44,"---")))) -> ---
C44: D'accord, tu peux acheter du pain stp? | F44: =IF(E44="x",COUNTA($E$2:E44),".") -> . | G44: =IF(E44="x",C44,IF(AND(E44="x1",E45="x2",E46="x3"),"~ "&C44&CHAR(10)&"~ "&C45&CHAR(10)&"~ "&C46,IF(AND(E44="x1",E45="x2"),"~ "&C44&CHAR(10)&"~ "&C45,IF(AND(E44="x1",E45="x1'"),C44&" "&C45,"---")))) -> ---
B45: trouve, supermarche | C45: J'en ai pas trouve au supermarche | D45: prime with I have found, I haven't found | F45: =IF(E45="x",COUNTA($E$2:E45),".") -> . | G45: =IF(E45="x",C45,IF(AND(E45="x1",E46="x2",E47="x3"),"~ "&C45&CHAR(10)&"~ "&C46&CHAR(10)&"~ "&C47,IF(AND(E45="x1",E46="x2"),"~ "&C45&CHAR(10)&"~ "&C46,IF(AND(E45="x1",E46="x1'"),C45&" "&C46,"---")))) -> ---
C46: Okay, je vais en acheter avant de rentrer | F46: =IF(E46="x",COUNTA($E$2:E46),".") -> . | G46: =IF(E46="x",C46,IF(AND(E46="x1",E47="x2",E48="x3"),"~ "&C46&CHAR(10)&"~ "&C47&CHAR(10)&"~ "&C50,IF(AND(E46="x1",E47="x2"),"~ "&C46&CHAR(10)&"~ "&C47,IF(AND(E46="x1",E47="x1'"),C46&" "&C47,"---")))) -> ---
C47: Merci, a toute a l'heure! | F47: =IF(E47="x",COUNTA($E$2:E47),".") -> . | G47: =IF(E47="x",C47,IF(AND(E47="x1",E48="x2",E49="x3"),"~ "&C47&CHAR(10)&"~ "&C50&CHAR(10)&"~ "&C51,IF(AND(E47="x1",E48="x2"),"~ "&C47&CHAR(10)&"~ "&C50,IF(AND(E47="x1",E48="x1'"),C47&" "&C50,"---")))) -> ---
C48: C'est une amie? | F48: =IF(E48="x",COUNTA($E$2:E48),".") -> . | G48: =IF(E48="x",C50,IF(AND(E48="x1",E49="x2",E50="x3"),"~ "&C50&CHAR(10)&"~ "&C51&CHAR(10)&"~ "&C52,IF(AND(E48="x1",E49="x2"),"~ "&C50&CHAR(10)&"~ "&C51,IF(AND(E48="x1",E49="x1'"),C50&" "&C51,"---")))) -> ---
C49: Oui, je vais habiter chez elle | F49: =IF(E49="x",COUNTA($E$2:E49),".") -> . | G49: =IF(E49="x",C51,IF(AND(E49="x1",E50="x2",E51="x3"),"~ "&C51&CHAR(10)&"~ "&C52&CHAR(10)&"~ "&C53,IF(AND(E49="x1",E50="x2"),"~ "&C51&CHAR(10)&"~ "&C52,IF(AND(E49="x1",E50="x1'"),C51&" "&C52,"---")))) -> ---
C50: Mademoiselle, c'est ici? | F50: =IF(E50="x",COUNTA($E$2:E50),".") -> . | G50: =IF(E50="x",C52,IF(AND(E50="x1",E51="x2",E52="x3"),"~ "&C52&CHAR(10)&"~ "&C53&CHAR(10)&"~ "&C54,IF(AND(E50="x1",E51="x2"),"~ "&C52&CHAR(10)&"~ "&C53,IF(AND(E50="x1",E51="x1'"),C52&" "&C53,"---")))) -> ---
B51: continuer + un peu | C51: Euh, non, vous pouvez continuer un peu svp? | F51: =IF(E51="x",COUNTA($E$2:E51),".") -> . | G51: =IF(E51="x",C53,IF(AND(E51="x1",E52="x2",E53="x3"),"~ "&C53&CHAR(10)&"~ "&C54&CHAR(10)&"~ "&[1]Next!B36,IF(AND(E51="x1",E52="x2"),"~ "&C53&CHAR(10)&"~ "&C54,IF(AND(E51="x1",E52="x1'"),C53&" "&C54,"---")))) -> ---
B52: voila | C52: Voila, ici, merci beaucoup, au revoir! | F52: =IF(E52="x",COUNTA($E$2:E52),".") -> . | G52: =IF(E52="x",C54,IF(AND(E52="x1",E53="x2",E54="x3"),"~ "&C54&CHAR(10)&"~ "&C55&CHAR(10)&"~ "&[1]Next!B37,IF(AND(E52="x1",E53="x2"),"~ "&C54&CHAR(10)&"~ "&C55,IF(AND(E52="x1",E53="x1'"),C54&" "&C55,"---")))) -> ---
B53: payer | C53: He mlle Nga, vous devez payer avant de partir! | F53: =IF(E53="x",COUNTA($E$2:E53),".") -> . | G53: =IF(E53="x",C55,IF(AND(E53="x1",E54="x2",E55="x3"),"~ "&C55&CHAR(10)&"~ "&C56&CHAR(10)&"~ "&[1]Next!E41,IF(AND(E53="x1",E54="x2"),"~ "&C55&CHAR(10)&"~ "&C56,IF(AND(E53="x1",E54="x1'"),C55&" "&C56,"---")))) -> ---
C54: Haa desol2e!! | F54: =IF(E54="x",COUNTA($E$2:E54),".") -> . | G54: =IF(E54="x",C56,IF(AND(E54="x1",E55="x2",E56="x3"),"~ "&C56&CHAR(10)&"~ "&C57&CHAR(10)&"~ "&[1]Next!E42,IF(AND(E54="x1",E55="x2"),"~ "&C56&CHAR(10)&"~ "&C57,IF(AND(E54="x1",E55="x1'"),C56&" "&C57,"---")))) -> ---
B55: enchante | C55: C'est pas grave. Moi c'est Henri. Enchantee, je m'appelle Nga. | F55: =IF(E55="x",COUNTA($E$2:E55),".") -> . | G55: =IF(E55="x",C57,IF(AND(E55="x1",E56="x2",E57="x3"),"~ "&C57&CHAR(10)&"~ "&C58&CHAR(10)&"~ "&[1]Next!E43,IF(AND(E55="x1",E56="x2"),"~ "&C57&CHAR(10)&"~ "&C58,IF(AND(E55="x1",E56="x1'"),C57&" "&C58,"---")))) -> ---
A56: Total | B56: =COUNTA(B15:B55) -> 28 | F56: Cards

Sheet Tests
A1: Session # | B1: Date | C1: Test date | D1: Sentence # | E1: Sentence code | F1: Total sentences | G1: Français | H1: English | I1: Result | J1: Score | L1: Pron. feedback | N1: Results code | W1: Je voudrais réserver pour ce soir
A2: 1 | B2: 44614 | C2: 44616 | D2: 1 | E2: =K2&"-"&D2 -> 1-1 | F2: 1 | G2: J'ai invité un ami | H2: I have invited a friend | I2: 1 | K2: =IF(ISNUMBER(A2)=TRUE,A2,J1) -> 1 | L2: J'ai | N2: 1 | O2: easy | W2: J'ai réservé une table pour ce soir pour deux personnes
D3: 2 | E3: =K3&"-"&D3 -> 1-2 | F3: =F2+1 -> 2 | G3: Tu as invité un ami | H3: You have invited a friend | K3: =IF(ISNUMBER(A3)=TRUE,A3,K2) -> 1 | N3: 2 | O3: slow or partial | W3: Voulez-vous reserver une table pour ce soir?
D4: 3 | E4: =K4&"-"&D4 -> 1-3 | F4: =F3+1 -> 3 | G4: As-tu invité un ami? | H4: Have you invited a friend? (inf., 2) | K4: =IF(ISNUMBER(A4)=TRUE,A4,K3) -> 1 | N4: 3 | O4: forgotten | W4: Voulez-vous visiter Hanoi?
D5: 4 | E5: =K5&"-"&D5 -> 1-4 | F5: =F4+1 -> 4 | G5: Tu as invité un ami? | H5: Have you invited a friend? (inf., 1) | K5: =IF(ISNUMBER(A5)=TRUE,A5,K4) -> 1 | W5: Typique
D6: 5 | E6: =K6&"-"&D6 -> 1-5 | F6: =F5+1 -> 5 | G6: J'ai confirmé le meeting avec Ben | H6: I have confirmed the meeting with Ben | I6: 1 | K6: =IF(ISNUMBER(A6)=TRUE,A6,K5) -> 1 | L6: Confirmer | W6: Exotic
D7: 6 | E7: =K7&"-"&D7 -> 1-6 | F7: =F6+1 -> 6 | G7: J'ai visité Hanoi avec un ami | H7: I have visited Hanoi with a friend | I7: 1 | K7: =IF(ISNUMBER(A7)=TRUE,A7,K6) -> 1 | W7: Politique
D8: 7 | E8: =K8&"-"&D8 -> 1-7 | F8: =F7+1 -> 7 | G8: J'ai preparé le café pour toi | H8: I have prepared coffee for you | K8: =IF(ISNUMBER(A8)=TRUE,A8,K7) -> 1 | W8: Romantic
D9: 8 | E9: =K9&"-"&D9 -> 1-8 | F9: =F8+1 -> 8 | G9: Tu as preparé le café pour moi? | H9: Have you prepared the coffee for me? | I9: 1 | K9: =IF(ISNUMBER(A9)=TRUE,A9,K8) -> 1 | L9: Préparer | W9: Pratique
D10: 9 | E10: =K10&"-"&D10 -> 1-9 | F10: =F9+1 -> 9 | G10: Tu as visité Hanoi (avec un ami)? | H10: Have you visited Hanoi with a friend? | K10: =IF(ISNUMBER(A10)=TRUE,A10,K9) -> 1 | W10: Parce que
D11: 10 | E11: =K11&"-"&D11 -> 1-10 | F11: =F10+1 -> 10 | G11: Tu as preparé le meeting avec Ben? | H11: Have you prepared the meeting with Ben? | I11: 1 | K11: =IF(ISNUMBER(A11)=TRUE,A11,K10) -> 1 | W11: Je voudrais visiter Paris parce que c'est exotique
A12: 2 | B12: 44616 | C12: 44620 | D12: 1 | E12: =K12&"-"&D12 -> 2-1 | F12: =F11+1 -> 11 | G12: J'ai réservé une table pour deux | H12: I have booked (reserved) a table for two | I12: 2 | K12: =IF(ISNUMBER(A12)=TRUE,A12,K11) -> 2 | W12: Est-ce que tu as preparé le café pour moi?
D13: 2 | E13: =K13&"-"&D13 -> 2-2 | F13: =F12+1 -> 12 | G13: Tu as réservé une table pour le diner? | H13: Have you booked (reserved) a table for dinner | K13: =IF(ISNUMBER(A13)=TRUE,A13,K12) -> 2 | W13: Est-ce que tu as confirmé le meeting avec Jean?
D14: 3 | E14: =K14&"-"&D14 -> 2-3 | F14: =F13+1 -> 13 | G14: Il a réservé une table | H14: He has booked (reserved) a table | I14: 1 | K14: =IF(ISNUMBER(A14)=TRUE,A14,K13) -> 2 | W14: Est-ce que c'est pratique?
D15: 4 | E15: =K15&"-"&D15 -> 2-4 | F15: =F14+1 -> 14 | G15: Elle a réservé une table | H15: She has booked (reserved) a table | K15: =IF(ISNUMBER(A15)=TRUE,A15,K14) -> 2 | W15: Je voudrais aller a Paris
D16: 5 | E16: =K16&"-"&D16 -> 2-5 | F16: =F15+1 -> 15 | G16: Mon ami a preparé le café pour moi | H16: My friend has prepared the coffee for me | I16: 2 | K16: =IF(ISNUMBER(A16)=TRUE,A16,K15) -> 2 | L16: a | W16: Je voudrais aller au café, est-ce qu'il est typique?
D17: 7 | E17: =K17&"-"&D17 -> 2-7 | F17: =F16+1 -> 16 | G17: Mon ami a visité Hanoi et mon chat a visité Taipei | H17: My friend has visited Hanoi and my chien has visited Taipei | I17: 2 | K17: =IF(ISNUMBER(A17)=TRUE,A17,K16) -> 2 | L17: a | W17: Savoir
D18: 10 | E18: =K18&"-"&D18 -> 2-10 | F18: =F17+1 -> 17 | G18: Préparation | H18: Preparation | K18: =IF(ISNUMBER(A18)=TRUE,A18,K17) -> 2 | W18: Je voudrais savoir si c'est pratique
D19: 11 | E19: =K19&"-"&D19 -> 2-11 | F19: =F18+1 -> 18 | G19: Invitation | H19: Invitation | K19: =IF(ISNUMBER(A19)=TRUE,A19,K18) -> 2 | W19: Voulez-vous reserver un table? Oui, mais je voudrais savoir si c'est pratique
D20: 12 | E20: =K20&"-"&D20 -> 2-12 | F20: =F19+1 -> 19 | G20: Réservation | H20: Reservation | K20: =IF(ISNUMBER(A20)=TRUE,A20,K19) -> 2 | W20: Est-ce que vous voulez reserver un table?
D21: 13 | E21: =K21&"-"&D21 -> 2-13 | F21: =F20+1 -> 20 | G21: Décoration | H21: Decoration | K21: =IF(ISNUMBER(A21)=TRUE,A21,K20) -> 2
D22: 14 | E22: =K22&"-"&D22 -> 2-14 | F22: =F21+1 -> 21 | G22: Confirmation | H22: Confirmation | K22: =IF(ISNUMBER(A22)=TRUE,A22,K21) -> 2
D23: 16 | E23: =K23&"-"&D23 -> 2-16 | F23: =F22+1 -> 22 | G23: J'ai invité un ami au restaurant | H23: I have invited a friend to the restaurant | K23: =IF(ISNUMBER(A23)=TRUE,A23,K22) -> 2
D24: 18 | E24: =K24&"-"&D24 -> 2-18 | F24: =F23+1 -> 23 | G24: Je voudrais inviter un ami | H24: I would like to invite a friend | K24: =IF(ISNUMBER(A24)=TRUE,A24,K23) -> 2
D25: 19 | E25: =K25&"-"&D25 -> 2-19 | F25: =F24+1 -> 24 | G25: Je voudrais preparer le diner parce que j'ai faim | H25: I would like to prepare the dinner because I'm hungry | I25: 1 | K25: =IF(ISNUMBER(A25)=TRUE,A25,K24) -> 2
D26: 20 | E26: =K26&"-"&D26 -> 2-20 | F26: =F25+1 -> 25 | G26: Je voudrais preparer le café parce que j'ai soif | H26: I would like to prepare the coffee because I'm thirsty | I26: 1 | K26: =IF(ISNUMBER(A26)=TRUE,A26,K25) -> 2
G27: Je voudrais réserver pour ce soir | K27: =IF(ISNUMBER(A27)=TRUE,A27,K26) -> 2
G28: J'ai réservé une table pour ce soir pour deux personnes | K28: =IF(ISNUMBER(A28)=TRUE,A28,K27) -> 2
G29: Voulez-vous reserver une table pour ce soir? | K29: =IF(ISNUMBER(A29)=TRUE,A29,K28) -> 2
G30: Voulez-vous visiter Hanoi? | K30: =IF(ISNUMBER(A30)=TRUE,A30,K29) -> 2
G31: Typique | K31: =IF(ISNUMBER(A31)=TRUE,A31,K30) -> 2
G32: Exotic | K32: =IF(ISNUMBER(A32)=TRUE,A32,K31) -> 2
G33: Politique | K33: =IF(ISNUMBER(A33)=TRUE,A33,K32) -> 2
G34: Romantic | K34: =IF(ISNUMBER(A34)=TRUE,A34,K33) -> 2
G35: Pratique | K35: =IF(ISNUMBER(A35)=TRUE,A35,K34) -> 2
G36: Parce que | K36: =IF(ISNUMBER(A36)=TRUE,A36,K35) -> 2
G37: Je voudrais visiter Paris parce que c'est exotique | K37: =IF(ISNUMBER(A37)=TRUE,A37,K36) -> 2
G38: Est-ce que tu as preparé le café pour moi? | K38: =IF(ISNUMBER(A38)=TRUE,A38,K37) -> 2
... G46: Est-ce que vous voulez reserver un table? | K46: =IF(ISNUMBER(A46)=TRUE,A46,K45) -> 2
K47: =IF(ISNUMBER(A47)=TRUE,A47,K46) -> 2
K48: =IF(ISNUMBER(A48)=TRUE,A48,K47) -> 2
K49: =IF(ISNUMBER(A49)=TRUE,A49,K48) -> 2
K50: =IF(ISNUMBER(A50)=TRUE,A50,K49) -> 2
K51: =IF(ISNUMBER(A51)=TRUE,A51,K50) -> 2
K52: =IF(ISNUMBER(A52)=TRUE,A52,K51) -> 2
K53: =IF(ISNUMBER(A53)=TRUE,A53,K52) -> 2
K54: =IF(ISNUMBER(A54)=TRUE,A54,K53) -> 2
A55: 6 | B55: 44616 | C55: 44620 | D55: 1 | E55: =K55&"-"&D55 -> 6-1 | F55: =F54+1 -> 1 | G55: Un appartement | H55: An appartment | K55: =IF(ISNUMBER(A55)=TRUE,A55,K54) -> 6
D56: 2 | E56: =K56&"-"&D56 -> 6-2 | G56: Elle a un appartement à Paris | H56: She has a flat in Paris | K56: =IF(ISNUMBER(A56)=TRUE,A56,K55) -> 6
D57: 3 | E57: =K57&"-"&D57 -> 6-3 | G57: Elle peut voir tout Paris | H57: She can see all of Paris | K57: =IF(ISNUMBER(A57)=TRUE,A57,K56) -> 6
D58: 4 | E58: =K58&"-"&D58 -> 6-4 | G58: C'est magnifique! | H58: It's magnificent | K58: =IF(ISNUMBER(A58)=TRUE,A58,K57) -> 6
D59: 5 | E59: =K59&"-"&D59 -> 6-5 | G59: ~ Et toi, tu as un grand appartement? ~ Non, j'ai un petit appartement | H59: ~ And you, do you have a big appartment? ~ No, I have a small appartment | K59: =IF(ISNUMBER(A59)=TRUE,A59,K58) -> 6 | L59: a
D60: 7 | E60: =K60&"-"&D60 -> 6-7 | G60: ~ Je peux le voir? ~ Ouah, c'est magnifique! | H60: ~ Can I see it? ~ Wow, it's magnificent | K60: =IF(ISNUMBER(A60)=TRUE,A60,K59) -> 6 | L60: a
D61: 10 | E61: =K61&"-"&D61 -> 6-10 | G61: Tu peux me voir? | H61: Can you see me? | K61: =IF(ISNUMBER(A61)=TRUE,A61,K60) -> 6
D62: 11 | E62: =K62&"-"&D62 -> 6-11 | G62: Il peut le voir | H62: He can see it/him | K62: =IF(ISNUMBER(A62)=TRUE,A62,K61) -> 6
D63: 12 | E63: =K63&"-"&D63 -> 6-12 | G63: Ils peuvent le voir | H63: They can see it/him | K63: =IF(ISNUMBER(A63)=TRUE,A63,K62) -> 6
D64: 13 | E64: =K64&"-"&D64 -> 6-13 | G64: On peut voir tout Paris | H64: We can see all of Paris | K64: =IF(ISNUMBER(A64)=TRUE,A64,K63) -> 6
D65: 14 | E65: =K65&"-"&D65 -> 6-14 | G65: ~ Tu peux voir ma voiture? ~ Non, elle est où? ~ Ici, tu peux la voir? | H65: ~ Can you see my car? ~ No, where is it? ~ Here, can you see it? | K65: =IF(ISNUMBER(A65)=TRUE,A65,K64) -> 6
D66: 16 | E66: =K66&"-"&D66 -> 6-16 | G66: ~ Tu peux voir le restau? ~ Non, il est où? ~ Il est là-bas | H66: ~ Can you see the restaurant? ~ No, where is it? ~ It's over there | K66: =IF(ISNUMBER(A66)=TRUE,A66,K65) -> 6
D67: 18 | E67: =K67&"-"&D67 -> 6-18 | G67: On peut déjeuner là-bas | H67: We can have lunch over there | K67: =IF(ISNUMBER(A67)=TRUE,A67,K66) -> 6
G68: ~ Maintenant? ~ Non, pas maintenant! | H68: ~ Now? ~ No, not now!
G69: Maintenant, on peut prendre le petit-déjeuner | H69: Now, we can have breakfast
G70: C'est délicieux! | H70: It's delicious!
D71: 19 | E71: =K71&"-"&D71 -> 6-19 | G71: Je voudrais preparer le diner parce que j'ai faim | H71: I would like to prepare the dinner because I'm hungry | I71: 1 | K71: =IF(ISNUMBER(A71)=TRUE,A71,K67) -> 6
D72: 20 | E72: =K72&"-"&D72 -> 6-20 | G72: Je voudrais preparer le café parce que j'ai soif | H72: I would like to prepare the coffee because I'm thirsty | K72: =IF(ISNUMBER(A72)=TRUE,A72,K71) -> 6
K73: =IF(ISNUMBER(A73)=TRUE,A73,K72) -> 6
K74: =IF(ISNUMBER(A74)=TRUE,A74,K73) -> 6
K75: =IF(ISNUMBER(A75)=TRUE,A75,K74) -> 6
K76: =IF(ISNUMBER(A76)=TRUE,A76,K75) -> 6
K77: =IF(ISNUMBER(A77)=TRUE,A77,K76) -> 6
K78: =IF(ISNUMBER(A78)=TRUE,A78,K77) -> 6
K79: =IF(ISNUMBER(A79)=TRUE,A79,K78) -> 6
K80: =IF(ISNUMBER(A80)=TRUE,A80,K79) -> 6
K81: =IF(ISNUMBER(A81)=TRUE,A81,K80) -> 6
K82: =IF(ISNUMBER(A82)=TRUE,A82,K81) -> 6
K83: =IF(ISNUMBER(A83)=TRUE,A83,K82) -> 6
K84: =IF(ISNUMBER(A84)=TRUE,A84,K83) -> 6
... K201: =IF(ISNUMBER(A201)=TRUE,A201,K200) -> 6

Sheet Anki
A1: Français | B1: English | C1: Audio | D1: Slow audio | E1: Image | F1: Notes | G1: c | H1: s | I1: Marker | J1: Tags
A2: J'ai invité un ami | B2: I have invited a friend | C2: [sound:rec1645544842.mp3] | G2: 1 | H2: 1 | I2: ="Nga_Fr_Lessons"&"-"&TEXT(G2,"000")&"-"&TEXT(H2,"000") -> Nga_Fr_Lessons-001-001 | J2: ="Nga::Fr::Lessons"&"::"&TEXT(G2,"000") -> Nga::Fr::Lessons::001
A3: Tu as invité un ami | B3: You have invited a friend | C3: [sound:rec1645544856.mp3] | G3: 1 | H3: 2 | I3: ="Nga_Fr_Lessons"&"-"&TEXT(G3,"000")&"-"&TEXT(H3,"000") -> Nga_Fr_Lessons-001-002 | J3: ="Nga::Fr::Lessons"&"::"&TEXT(G3,"000") -> Nga::Fr::Lessons::001
A4: As-tu invité un ami? | B4: Have you invited a friend? | C4: [sound:rec1645544867.mp3] | F4: inf., 2 | G4: 1 | H4: 3 | I4: ="Nga_Fr_Lessons"&"-"&TEXT(G4,"000")&"-"&TEXT(H4,"000") -> Nga_Fr_Lessons-001-003 | J4: ="Nga::Fr::Lessons"&"::"&TEXT(G4,"000") -> Nga::Fr::Lessons::001
A5: Tu as invité un ami? | B5: Have you invited a friend? | C5: [sound:rec1645544873.mp3] | F5: inf., 1 | G5: 1 | H5: 4 | I5: ="Nga_Fr_Lessons"&"-"&TEXT(G5,"000")&"-"&TEXT(H5,"000") -> Nga_Fr_Lessons-001-004 | J5: ="Nga::Fr::Lessons"&"::"&TEXT(G5,"000") -> Nga::Fr::Lessons::001
A6: J'ai confirmé le meeting avec Ben | B6: I have confirmed the meeting with Ben | C6: [sound:rec1645545058.mp3] | G6: 1 | H6: 5 | I6: ="Nga_Fr_Lessons"&"-"&TEXT(G6,"000")&"-"&TEXT(H6,"000") -> Nga_Fr_Lessons-001-005 | J6: ="Nga::Fr::Lessons"&"::"&TEXT(G6,"000") -> Nga::Fr::Lessons::001
A7: J'ai visité Hanoi avec un ami | B7: I have visited Hanoi with a friend | C7: [sound:rec1645544930.mp3] | G7: 1 | H7: 6 | I7: ="Nga_Fr_Lessons"&"-"&TEXT(G7,"000")&"-"&TEXT(H7,"000") -> Nga_Fr_Lessons-001-006 | J7: ="Nga::Fr::Lessons"&"::"&TEXT(G7,"000") -> Nga::Fr::Lessons::001
A8: J'ai preparé le café pour toi | B8: I have prepared coffee for you | C8: [sound:rec1645544942.mp3] | G8: 1 | H8: 7 | I8: ="Nga_Fr_Lessons"&"-"&TEXT(G8,"000")&"-"&TEXT(H8,"000") -> Nga_Fr_Lessons-001-007 | J8: ="Nga::Fr::Lessons"&"::"&TEXT(G8,"000") -> Nga::Fr::Lessons::001
A9: Tu as preparé le café pour moi? | B9: Have you prepared the coffee for me? | C9: [sound:rec1645544953.mp3] | G9: 1 | H9: 8 | I9: ="Nga_Fr_Lessons"&"-"&TEXT(G9,"000")&"-"&TEXT(H9,"000") -> Nga_Fr_Lessons-001-008 | J9: ="Nga::Fr::Lessons"&"::"&TEXT(G9,"000") -> Nga::Fr::Lessons::001
A10: Tu as visité Hanoi (avec un ami)? | B10: Have you visited Hanoi with a friend? | C10: [sound:rec1645544966.mp3] | G10: 1 | H10: 9 | I10: ="Nga_Fr_Lessons"&"-"&TEXT(G10,"000")&"-"&TEXT(H10,"000") -> Nga_Fr_Lessons-001-009 | J10: ="Nga::Fr::Lessons"&"::"&TEXT(G10,"000") -> Nga::Fr::Lessons::001
A11: Tu as preparé le meeting avec Ben? | B11: Have you prepared the meeting with Ben? | C11: [sound:rec1645545970.mp3] | G11: 1 | H11: 10 | I11: ="Nga_Fr_Lessons"&"-"&TEXT(G11,"000")&"-"&TEXT(H11,"000") -> Nga_Fr_Lessons-001-010 | J11: ="Nga::Fr::Lessons"&"::"&TEXT(G11,"000") -> Nga::Fr::Lessons::001
A12: J'ai réservé une table pour deux | B12: I have booked (reserved) a table for two | C12: [sound:rec1645715004.mp3] | G12: 2 | H12: 1 | I12: ="Nga_Fr_Lessons"&"-"&TEXT(G12,"000")&"-"&TEXT(H12,"000") -> Nga_Fr_Lessons-002-001 | J12: ="Nga::Fr::Lessons"&"::"&TEXT(G12,"000") -> Nga::Fr::Lessons::002
A13: Tu as réservé une table pour le diner? | B13: Have you booked (reserved) a table for dinner? | C13: [sound:rec1645715024.mp3] | G13: 2 | H13: 2 | I13: ="Nga_Fr_Lessons"&"-"&TEXT(G13,"000")&"-"&TEXT(H13,"000") -> Nga_Fr_Lessons-002-002 | J13: ="Nga::Fr::Lessons"&"::"&TEXT(G13,"000") -> Nga::Fr::Lessons::002
A14: Il a réservé une table | B14: He has booked (reserved) a table | C14: [sound:rec1645715062.mp3] | G14: 2 | H14: 3 | I14: ="Nga_Fr_Lessons"&"-"&TEXT(G14,"000")&"-"&TEXT(H14,"000") -> Nga_Fr_Lessons-002-003 | J14: ="Nga::Fr::Lessons"&"::"&TEXT(G14,"000") -> Nga::Fr::Lessons::002
A15: Elle a réservé une table | B15: She has booked (reserved) a table | C15: [sound:rec1645715068.mp3] | G15: 2 | H15: 4 | I15: ="Nga_Fr_Lessons"&"-"&TEXT(G15,"000")&"-"&TEXT(H15,"000") -> Nga_Fr_Lessons-002-004 | J15: ="Nga::Fr::Lessons"&"::"&TEXT(G15,"000") -> Nga::Fr::Lessons::002
A16: Mon ami a preparé le café pour moi | B16: My friend has prepared the coffee for me | C16: [sound:rec1645715077.mp3] | G16: 2 | H16: 5 | I16: ="Nga_Fr_Lessons"&"-"&TEXT(G16,"000")&"-"&TEXT(H16,"000") -> Nga_Fr_Lessons-002-005 | J16: ="Nga::Fr::Lessons"&"::"&TEXT(G16,"000") -> Nga::Fr::Lessons::002
A17: Mon ami a visité Hanoi et mon chien a visité Taipei | B17: My friend has visited Hanoi and my dog has visited Taipei | C17: [sound:rec1645715089.mp3] | G17: 2 | H17: 6 | I17: ="Nga_Fr_Lessons"&"-"&TEXT(G17,"000")&"-"&TEXT(H17,"000") -> Nga_Fr_Lessons-002-006 | J17: ="Nga::Fr::Lessons"&"::"&TEXT(G17,"000") -> Nga::Fr::Lessons::002
... A28: J'ai réservé une table pour ce soir pour deux personnes | B28: I have booked a table for tonight for two people | C28: [sound:rec1646063588.mp3] | G28: 3 | H28: 2 | I28: ="Nga_Fr_Lessons"&"-"&TEXT(G28,"000")&"-"&TEXT(H28,"000") -> Nga_Fr_Lessons-003-002 | J28: ="Nga::Fr::Lessons"&"::"&TEXT(G28,"000") -> Nga::Fr::Lessons::003
A29: Voulez-vous reserver une table pour ce soir? | B29: Do you want to book a table for tonight? | C29: [sound:rec1646063598.mp3] | F29: form., 2 | G29: 3 | H29: 3 | I29: ="Nga_Fr_Lessons"&"-"&TEXT(G29,"000")&"-"&TEXT(H29,"000") -> Nga_Fr_Lessons-003-003 | J29: ="Nga::Fr::Lessons"&"::"&TEXT(G29,"000") -> Nga::Fr::Lessons::003
A30: Voulez-vous visiter Hanoi? | B30: Do you want to visit Hanoi? | C30: [sound:rec1646063606.mp3] | F30: form., 2 | G30: 3 | H30: 4 | I30: ="Nga_Fr_Lessons"&"-"&TEXT(G30,"000")&"-"&TEXT(H30,"000") -> Nga_Fr_Lessons-003-004 | J30: ="Nga::Fr::Lessons"&"::"&TEXT(G30,"000") -> Nga::Fr::Lessons::003
A31: Typique | B31: Typical | C31: [sound:rec1646063611.mp3] | G31: 3 | H31: 5 | I31: ="Nga_Fr_Lessons"&"-"&TEXT(G31,"000")&"-"&TEXT(H31,"000") -> Nga_Fr_Lessons-003-005 | J31: ="Nga::Fr::Lessons"&"::"&TEXT(G31,"000") -> Nga::Fr::Lessons::003
A32: Exotique | B32: Exotic | C32: [sound:rec1646063615.mp3] | G32: 3 | H32: 6 | I32: ="Nga_Fr_Lessons"&"-"&TEXT(G32,"000")&"-"&TEXT(H32,"000") -> Nga_Fr_Lessons-003-006 | J32: ="Nga::Fr::Lessons"&"::"&TEXT(G32,"000") -> Nga::Fr::Lessons::003
A33: Politique | B33: Political | C33: [sound:rec1646063619.mp3] | G33: 3 | H33: 7 | I33: ="Nga_Fr_Lessons"&"-"&TEXT(G33,"000")&"-"&TEXT(H33,"000") -> Nga_Fr_Lessons-003-007 | J33: ="Nga::Fr::Lessons"&"::"&TEXT(G33,"000") -> Nga::Fr::Lessons::003
A34: Romantic | B34: Romantic | C34: [sound:rec1646063622.mp3] | G34: 3 | H34: 8 | I34: ="Nga_Fr_Lessons"&"-"&TEXT(G34,"000")&"-"&TEXT(H34,"000") -> Nga_Fr_Lessons-003-008 | J34: ="Nga::Fr::Lessons"&"::"&TEXT(G34,"000") -> Nga::Fr::Lessons::003
A35: Pratique | B35: Convenient ('Practical') | C35: [sound:rec1646063626.mp3] | G35: 3 | H35: 9 | I35: ="Nga_Fr_Lessons"&"-"&TEXT(G35,"000")&"-"&TEXT(H35,"000") -> Nga_Fr_Lessons-003-009 | J35: ="Nga::Fr::Lessons"&"::"&TEXT(G35,"000") -> Nga::Fr::Lessons::003
A36: Parce que | B36: Because | C36: [sound:rec1646063643.mp3] | G36: 3 | H36: 10 | I36: ="Nga_Fr_Lessons"&"-"&TEXT(G36,"000")&"-"&TEXT(H36,"000") -> Nga_Fr_Lessons-003-010 | J36: ="Nga::Fr::Lessons"&"::"&TEXT(G36,"000") -> Nga::Fr::Lessons::003
A37: Je voudrais visiter Paris parce que c'est exotique | B37: I would like to visit Paris because it's exotic | C37: [sound:rec1646063652.mp3] | G37: 3 | H37: 11 | I37: ="Nga_Fr_Lessons"&"-"&TEXT(G37,"000")&"-"&TEXT(H37,"000") -> Nga_Fr_Lessons-003-011 | J37: ="Nga::Fr::Lessons"&"::"&TEXT(G37,"000") -> Nga::Fr::Lessons::003
A38: Est-ce que tu as preparé le café pour moi? | B38: Have you prepared the coffee for me? | C38: [sound:rec1646063661.mp3] | F38: inf., 3 | G38: 3 | H38: 12 | I38: ="Nga_Fr_Lessons"&"-"&TEXT(G38,"000")&"-"&TEXT(H38,"000") -> Nga_Fr_Lessons-003-012 | J38: ="Nga::Fr::Lessons"&"::"&TEXT(G38,"000") -> Nga::Fr::Lessons::003
A39: Est-ce que c'est pratique? | B39: Is it convenient? | C39: [sound:rec1646063667.mp3] | F39: 3 | G39: 3 | H39: 13 | I39: ="Nga_Fr_Lessons"&"-"&TEXT(G39,"000")&"-"&TEXT(H39,"000") -> Nga_Fr_Lessons-003-013 | J39: ="Nga::Fr::Lessons"&"::"&TEXT(G39,"000") -> Nga::Fr::Lessons::003
A40: Je voudrais aller à Paris | B40: I would like to go to Paris | C40: [sound:rec1646063673.mp3] | G40: 3 | H40: 14 | I40: ="Nga_Fr_Lessons"&"-"&TEXT(G40,"000")&"-"&TEXT(H40,"000") -> Nga_Fr_Lessons-003-014 | J40: ="Nga::Fr::Lessons"&"::"&TEXT(G40,"000") -> Nga::Fr::Lessons::003
A41: Je voudrais aller à ce café, est-ce qu'il est typique? | B41: I would like to go to this coffee shop, is it typical? | C41: [sound:rec1646063687.mp3] | G41: 3 | H41: 15 | I41: ="Nga_Fr_Lessons"&"-"&TEXT(G41,"000")&"-"&TEXT(H41,"000") -> Nga_Fr_Lessons-003-015 | J41: ="Nga::Fr::Lessons"&"::"&TEXT(G41,"000") -> Nga::Fr::Lessons::003
A42: Savoir | B42: To know | C42: [sound:rec1646063701.mp3] | G42: 3 | H42: 16 | I42: ="Nga_Fr_Lessons"&"-"&TEXT(G42,"000")&"-"&TEXT(H42,"000") -> Nga_Fr_Lessons-003-016 | J42: ="Nga::Fr::Lessons"&"::"&TEXT(G42,"000") -> Nga::Fr::Lessons::003
A43: Je voudrais savoir si c'est pratique | B43: I'd like to know if it's convenient | C43: [sound:rec1646063707.mp3] | G43: 3 | H43: 17 | I43: ="Nga_Fr_Lessons"&"-"&TEXT(G43,"000")&"-"&TEXT(H43,"000") -> Nga_Fr_Lessons-003-017 | J43: ="Nga::Fr::Lessons"&"::"&TEXT(G43,"000") -> Nga::Fr::Lessons::003
A44: Voulez-vous reserver un table? Oui, mais je voudrais savoir si c'est pratique | B44: Do you want to book a table? Yes, but I would like to know if it's convenient | C44: [sound:rec1646063719.mp3] | F44: form., 2 | G44: 3 | H44: 18 | I44: ="Nga_Fr_Lessons"&"-"&TEXT(G44,"000")&"-"&TEXT(H44,"000") -> Nga_Fr_Lessons-003-018 | J44: ="Nga::Fr::Lessons"&"::"&TEXT(G44,"000") -> Nga::Fr::Lessons::003
A45: Est-ce que vous voulez reserver un table? | B45: Do you want to book a table? (form., 3) | C45: [sound:rec1646063738.mp3] | G45: 3 | H45: 19 | I45: ="Nga_Fr_Lessons"&"-"&TEXT(G45,"000")&"-"&TEXT(H45,"000") -> Nga_Fr_Lessons-003-019 | J45: ="Nga::Fr::Lessons"&"::"&TEXT(G45,"000") -> Nga::Fr::Lessons::003
A46: Pourquoi? | B46: Why? | C46: [sound:rec1646063744.mp3] | G46: 3 | H46: 20 | I46: ="Nga_Fr_Lessons"&"-"&TEXT(G46,"000")&"-"&TEXT(H46,"000") -> Nga_Fr_Lessons-003-020 | J46: ="Nga::Fr::Lessons"&"::"&TEXT(G46,"000") -> Nga::Fr::Lessons::003
A47: Désolé!/Désolée! | B47: Sorry! | C47: [sound:rec1646063747.mp3] | G47: 3 | H47: 21 | I47: ="Nga_Fr_Lessons"&"-"&TEXT(G47,"000")&"-"&TEXT(H47,"000") -> Nga_Fr_Lessons-003-021 | J47: ="Nga::Fr::Lessons"&"::"&TEXT(G47,"000") -> Nga::Fr::Lessons::003
A48: Ce n'est pas | B48: It's not ("this is not") | C48: [sound:rec1646923056.mp3] | D48: [sound:rec1646923070.mp3] | F48: sandwich | G48: 4 | H48: 1 | I48: ="Nga_Fr_Lessons"&"-"&TEXT(G48,"000")&"-"&TEXT(H48,"000") -> Nga_Fr_Lessons-004-001 | J48: ="Nga::Fr::Lessons"&"::"&TEXT(G48,"000") -> Nga::Fr::Lessons::004
A49: C'est pas | B49: It's not ("this is not") | C49: [sound:rec1646923080.mp3] | F49: sushi | G49: 4 | H49: 2 | I49: ="Nga_Fr_Lessons"&"-"&TEXT(G49,"000")&"-"&TEXT(H49,"000") -> Nga_Fr_Lessons-004-002 | J49: ="Nga::Fr::Lessons"&"::"&TEXT(G49,"000") -> Nga::Fr::Lessons::004
A50: Non, c'est pas pratique | B50: No, it's not convenient | C50: [sound:rec1646923085.mp3] | F50: sushi | G50: 4 | H50: 3 | I50: ="Nga_Fr_Lessons"&"-"&TEXT(G50,"000")&"-"&TEXT(H50,"000") -> Nga_Fr_Lessons-004-003 | J50: ="Nga::Fr::Lessons"&"::"&TEXT(G50,"000") -> Nga::Fr::Lessons::004
A51: Je voudrais allez a Paris, mais c'est pas pratique | B51: I would like to go to Paris, but it's not convenient | C51: [sound:rec1646923091.mp3] | F51: sushi | G51: 4 | H51: 4 | I51: ="Nga_Fr_Lessons"&"-"&TEXT(G51,"000")&"-"&TEXT(H51,"000") -> Nga_Fr_Lessons-004-004 | J51: ="Nga::Fr::Lessons"&"::"&TEXT(G51,"000") -> Nga::Fr::Lessons::004
A52: Pourquoi c'est pas pratique? | B52: Why is it not convenient? | C52: [sound:rec1646923097.mp3] | F52: sushi | G52: 4 | H52: 5 | I52: ="Nga_Fr_Lessons"&"-"&TEXT(G52,"000")&"-"&TEXT(H52,"000") -> Nga_Fr_Lessons-004-005 | J52: ="Nga::Fr::Lessons"&"::"&TEXT(G52,"000") -> Nga::Fr::Lessons::004
A53: Je voudrais savoir pourquoi c'est pas pratique | B53: I would like to know why it's not convenient | C53: [sound:rec1646923104.mp3] | F53: sushi | G53: 4 | H53: 6 | I53: ="Nga_Fr_Lessons"&"-"&TEXT(G53,"000")&"-"&TEXT(H53,"000") -> Nga_Fr_Lessons-004-006 | J53: ="Nga::Fr::Lessons"&"::"&TEXT(G53,"000") -> Nga::Fr::Lessons::004
A54: Pourquoi tu as preparé le diné? | B54: Why have you prepared the coffee? | C54: [sound:rec1646923112.mp3] | G54: 4 | H54: 7 | I54: ="Nga_Fr_Lessons"&"-"&TEXT(G54,"000")&"-"&TEXT(H54,"000") -> Nga_Fr_Lessons-004-007 | J54: ="Nga::Fr::Lessons"&"::"&TEXT(G54,"000") -> Nga::Fr::Lessons::004
A55: Tu as préparé le café? | B55: Have you prepared the coffee? | C55: [sound:rec1646923117.mp3] | F55: Inf., 1 | G55: 4 | H55: 8 | I55: ="Nga_Fr_Lessons"&"-"&TEXT(G55,"000")&"-"&TEXT(H55,"000") -> Nga_Fr_Lessons-004-008 | J55: ="Nga::Fr::Lessons"&"::"&TEXT(G55,"000") -> Nga::Fr::Lessons::004
A56: Tu n'as pas préparé le café? | B56: Haven't you prepared the coffee? | C56: [sound:rec1646923122.mp3] | F56: Inf., 1, sandwich | G56: 4 | H56: 9 | I56: ="Nga_Fr_Lessons"&"-"&TEXT(G56,"000")&"-"&TEXT(H56,"000") -> Nga_Fr_Lessons-004-009 | J56: ="Nga::Fr::Lessons"&"::"&TEXT(G56,"000") -> Nga::Fr::Lessons::004
A57: Tu as pas préparé le café? | B57: Haven't you prepared the coffee? | C57: [sound:rec1646923127.mp3] | F57: Inf., 1, sushi | G57: 4 | H57: 10 | I57: ="Nga_Fr_Lessons"&"-"&TEXT(G57,"000")&"-"&TEXT(H57,"000") -> Nga_Fr_Lessons-004-010 | J57: ="Nga::Fr::Lessons"&"::"&TEXT(G57,"000") -> Nga::Fr::Lessons::004
A58: Je voudrais savoir pourquoi tu n'as pas préparé le café | B58: I would like to know why you haven't prepared the coffee | C58: [sound:rec1646923135.mp3] | F58: sandwich | G58: 4 | H58: 11 | I58: ="Nga_Fr_Lessons"&"-"&TEXT(G58,"000")&"-"&TEXT(H58,"000") -> Nga_Fr_Lessons-004-011 | J58: ="Nga::Fr::Lessons"&"::"&TEXT(G58,"000") -> Nga::Fr::Lessons::004
A59: J'ai faim, pourquoi tu as pas préparé le diné? | B59: I'm hungry, why haven't you prepare dthe dinner? | C59: [sound:rec1646923143.mp3] | F59: sushi | G59: 4 | H59: 12 | I59: ="Nga_Fr_Lessons"&"-"&TEXT(G59,"000")&"-"&TEXT(H59,"000") -> Nga_Fr_Lessons-004-012 | J59: ="Nga::Fr::Lessons"&"::"&TEXT(G59,"000") -> Nga::Fr::Lessons::004
A60: Je n'ai pas visité Paris | B60: I haven't visited Paris | C60: [sound:rec1646923150.mp3] | F60: sandwich | G60: 4 | H60: 13 | I60: ="Nga_Fr_Lessons"&"-"&TEXT(G60,"000")&"-"&TEXT(H60,"000") -> Nga_Fr_Lessons-004-013 | J60: ="Nga::Fr::Lessons"&"::"&TEXT(G60,"000") -> Nga::Fr::Lessons::004
A61: Je n'ai pas invité Jean au ciné(ma) | B61: I haven't invited Jean to the cinema | C61: [sound:rec1646923161.mp3] | F61: sandwich | G61: 4 | H61: 14 | I61: ="Nga_Fr_Lessons"&"-"&TEXT(G61,"000")&"-"&TEXT(H61,"000") -> Nga_Fr_Lessons-004-014 | J61: ="Nga::Fr::Lessons"&"::"&TEXT(G61,"000") -> Nga::Fr::Lessons::004
A62: J'ai pas préparé le café, désolé | B62: I haven't prepared the coffee, sorry | C62: [sound:rec1646923168.mp3] | F62: sushi | G62: 4 | H62: 15 | I62: ="Nga_Fr_Lessons"&"-"&TEXT(G62,"000")&"-"&TEXT(H62,"000") -> Nga_Fr_Lessons-004-015 | J62: ="Nga::Fr::Lessons"&"::"&TEXT(G62,"000") -> Nga::Fr::Lessons::004
A63: Désolé, mais j'ai pas préparé le café | B63: Sorry, but I haven't prepared the coffee | C63: [sound:rec1646923173.mp3] | F63: sushi | G63: 4 | H63: 16 | I63: ="Nga_Fr_Lessons"&"-"&TEXT(G63,"000")&"-"&TEXT(H63,"000") -> Nga_Fr_Lessons-004-016 | J63: ="Nga::Fr::Lessons"&"::"&TEXT(G63,"000") -> Nga::Fr::Lessons::004
A64: Français | B64: French | C64: [sound:rec1646923188.mp3] | G64: 4 | H64: 17 | I64: ="Nga_Fr_Lessons"&"-"&TEXT(G64,"000")&"-"&TEXT(H64,"000") -> Nga_Fr_Lessons-004-017 | J64: ="Nga::Fr::Lessons"&"::"&TEXT(G64,"000") -> Nga::Fr::Lessons::004
A65: Désolé, mais j'ai pas réservé une table au restau Français | B65: Sorry, but I haven't booked a table at the French restaurant | C65: [sound:rec1646923199.mp3] | F65: sushi | G65: 4 | H65: 18 | I65: ="Nga_Fr_Lessons"&"-"&TEXT(G65,"000")&"-"&TEXT(H65,"000") -> Nga_Fr_Lessons-004-018 | J65: ="Nga::Fr::Lessons"&"::"&TEXT(G65,"000") -> Nga::Fr::Lessons::004
A66: Je voudrais le préparer | B66: I would like to prepare it | C66: [sound:rec1649342595.mp3] | G66: 5 | H66: 1 | I66: ="Nga_Fr_Lessons"&"-"&TEXT(G66,"000")&"-"&TEXT(H66,"000") -> Nga_Fr_Lessons-005-001 | J66: ="Nga::Fr::Lessons"&"::"&TEXT(G66,"000") -> Nga::Fr::Lessons::005
A67: Je peux préparer le diner | B67: I can prepare the dinner | C67: [sound:rec1649342601.mp3] | G67: 5 | H67: 2 | I67: ="Nga_Fr_Lessons"&"-"&TEXT(G67,"000")&"-"&TEXT(H67,"000") -> Nga_Fr_Lessons-005-002 | J67: ="Nga::Fr::Lessons"&"::"&TEXT(G67,"000") -> Nga::Fr::Lessons::005
A68: Je peux le préparer | B68: I can prepare it | C68: [sound:rec1649342606.mp3] | G68: 5 | H68: 3 | I68: ="Nga_Fr_Lessons"&"-"&TEXT(G68,"000")&"-"&TEXT(H68,"000") -> Nga_Fr_Lessons-005-003 | J68: ="Nga::Fr::Lessons"&"::"&TEXT(G68,"000") -> Nga::Fr::Lessons::005
A69: Elle peux le manger | B69: She can eat it | C69: [sound:rec1649342614.mp3] | G69: 5 | H69: 4 | I69: ="Nga_Fr_Lessons"&"-"&TEXT(G69,"000")&"-"&TEXT(H69,"000") -> Nga_Fr_Lessons-005-004 | J69: ="Nga::Fr::Lessons"&"::"&TEXT(G69,"000") -> Nga::Fr::Lessons::005
A70: Elle peut le faire aujourd'hui | B70: She can do it today | C70: [sound:rec1649342630.mp3] | G70: 5 | H70: 5 | I70: ="Nga_Fr_Lessons"&"-"&TEXT(G70,"000")&"-"&TEXT(H70,"000") -> Nga_Fr_Lessons-005-005 | J70: ="Nga::Fr::Lessons"&"::"&TEXT(G70,"000") -> Nga::Fr::Lessons::005
A71: Tu peux le faire demain | B71: You can do it tomorrow | C71: [sound:rec1649342641.mp3] | F71: tu | G71: 5 | H71: 6 | I71: ="Nga_Fr_Lessons"&"-"&TEXT(G71,"000")&"-"&TEXT(H71,"000") -> Nga_Fr_Lessons-005-006 | J71: ="Nga::Fr::Lessons"&"::"&TEXT(G71,"000") -> Nga::Fr::Lessons::005
A72: Est-ce que tu peux le faire aujourd'hui? | B72: Can you do it today? | C72: [sound:rec1649342647.mp3] | D72: [sound:rec1649342757.mp3] | F72: tu, 3 | G72: 5 | H72: 7 | I72: ="Nga_Fr_Lessons"&"-"&TEXT(G72,"000")&"-"&TEXT(H72,"000") -> Nga_Fr_Lessons-005-007 | J72: ="Nga::Fr::Lessons"&"::"&TEXT(G72,"000") -> Nga::Fr::Lessons::005
A73: Je peux pas le manger | B73: I cannot eat it | C73: [sound:rec1649342652.mp3] | G73: 5 | H73: 8 | I73: ="Nga_Fr_Lessons"&"-"&TEXT(G73,"000")&"-"&TEXT(H73,"000") -> Nga_Fr_Lessons-005-008 | J73: ="Nga::Fr::Lessons"&"::"&TEXT(G73,"000") -> Nga::Fr::Lessons::005
A74: Je peux pas le faire | B74: I cannot do it | C74: [sound:rec1649342657.mp3] | G74: 5 | H74: 9 | I74: ="Nga_Fr_Lessons"&"-"&TEXT(G74,"000")&"-"&TEXT(H74,"000") -> Nga_Fr_Lessons-005-009 | J74: ="Nga::Fr::Lessons"&"::"&TEXT(G74,"000") -> Nga::Fr::Lessons::005
A75: On ne peut pas le manger aujourd'hui | B75: We cannot eat it today | C75: [sound:rec1649342663.mp3] | D75: [sound:rec1649342766.mp3] | F75: on | G75: 5 | H75: 10 | I75: ="Nga_Fr_Lessons"&"-"&TEXT(G75,"000")&"-"&TEXT(H75,"000") -> Nga_Fr_Lessons-005-010 | J75: ="Nga::Fr::Lessons"&"::"&TEXT(G75,"000") -> Nga::Fr::Lessons::005
A76: Je peux comprendre | B76: I can understand | C76: [sound:rec1649342667.mp3] | G76: 5 | H76: 11 | I76: ="Nga_Fr_Lessons"&"-"&TEXT(G76,"000")&"-"&TEXT(H76,"000") -> Nga_Fr_Lessons-005-011 | J76: ="Nga::Fr::Lessons"&"::"&TEXT(G76,"000") -> Nga::Fr::Lessons::005
A77: Tu peux me comprendre? | B77: Can you understand me? | C77: [sound:rec1649342672.mp3] | D77: [sound:rec1649342773.mp3] | F77: tu, 1 | G77: 5 | H77: 12 | I77: ="Nga_Fr_Lessons"&"-"&TEXT(G77,"000")&"-"&TEXT(H77,"000") -> Nga_Fr_Lessons-005-012 | J77: ="Nga::Fr::Lessons"&"::"&TEXT(G77,"000") -> Nga::Fr::Lessons::005
A78: Oui, je peux te comprendre! | B78: Yes, I can understand you! | C78: [sound:rec1649342677.mp3] | F78: tu | G78: 5 | H78: 13 | I78: ="Nga_Fr_Lessons"&"-"&TEXT(G78,"000")&"-"&TEXT(H78,"000") -> Nga_Fr_Lessons-005-013 | J78: ="Nga::Fr::Lessons"&"::"&TEXT(G78,"000") -> Nga::Fr::Lessons::005
A79: Je peux le comprendre (it or him) | B79: I can understand it/him | C79: [sound:rec1649342682.mp3] | G79: 5 | H79: 14 | I79: ="Nga_Fr_Lessons"&"-"&TEXT(G79,"000")&"-"&TEXT(H79,"000") -> Nga_Fr_Lessons-005-014 | J79: ="Nga::Fr::Lessons"&"::"&TEXT(G79,"000") -> Nga::Fr::Lessons::005
A80: Je peux la comprendre (her) | B80: I can understand her | C80: [sound:rec1649342693.mp3] | G80: 5 | H80: 15 | I80: ="Nga_Fr_Lessons"&"-"&TEXT(G80,"000")&"-"&TEXT(H80,"000") -> Nga_Fr_Lessons-005-015 | J80: ="Nga::Fr::Lessons"&"::"&TEXT(G80,"000") -> Nga::Fr::Lessons::005
A81: Un appartement | B81: An appartment | C81: [sound:rec1651022575.mp3] | G81: 6 | H81: 1 | I81: ="Nga_Fr_Lessons"&"-"&TEXT(G81,"000")&"-"&TEXT(H81,"000") -> Nga_Fr_Lessons-006-001 | J81: ="Nga::Fr::Lessons"&"::"&TEXT(G81,"000") -> Nga::Fr::Lessons::006
A82: Elle a un appartement à Paris | B82: She has a flat in Paris | C82: [sound:rec1651022729.mp3] | G82: 6 | H82: 2 | I82: ="Nga_Fr_Lessons"&"-"&TEXT(G82,"000")&"-"&TEXT(H82,"000") -> Nga_Fr_Lessons-006-002 | J82: ="Nga::Fr::Lessons"&"::"&TEXT(G82,"000") -> Nga::Fr::Lessons::006
A83: Elle peut voir tout Paris | B83: She can see all of Paris | C83: [sound:rec1651022738.mp3] | G83: 6 | H83: 3 | I83: ="Nga_Fr_Lessons"&"-"&TEXT(G83,"000")&"-"&TEXT(H83,"000") -> Nga_Fr_Lessons-006-003 | J83: ="Nga::Fr::Lessons"&"::"&TEXT(G83,"000") -> Nga::Fr::Lessons::006
A84: C'est magnifique! | B84: It's magnificent | C84: [sound:rec1651022742.mp3] | G84: 6 | H84: 4 | I84: ="Nga_Fr_Lessons"&"-"&TEXT(G84,"000")&"-"&TEXT(H84,"000") -> Nga_Fr_Lessons-006-004 | J84: ="Nga::Fr::Lessons"&"::"&TEXT(G84,"000") -> Nga::Fr::Lessons::006
A85: ~ Et toi, tu as un grand appartement? ~ Non, j'ai un petit appartement | B85: ~ And you, do you have a big appartment? ~ No, I have a small appartment | C85: [sound:rec1651022757.mp3] | G85: 6 | H85: 5 | I85: ="Nga_Fr_Lessons"&"-"&TEXT(G85,"000")&"-"&TEXT(H85,"000") -> Nga_Fr_Lessons-006-005 | J85: ="Nga::Fr::Lessons"&"::"&TEXT(G85,"000") -> Nga::Fr::Lessons::006
A86: ~ Je peux le voir? ~ Ouah, c'est magnifique! | B86: ~ Can I see it? ~ Wow, it's magnificent | C86: [sound:rec1651022764.mp3] | G86: 6 | H86: 6 | I86: ="Nga_Fr_Lessons"&"-"&TEXT(G86,"000")&"-"&TEXT(H86,"000") -> Nga_Fr_Lessons-006-006 | J86: ="Nga::Fr::Lessons"&"::"&TEXT(G86,"000") -> Nga::Fr::Lessons::006
A87: Tu peux me voir? | B87: Can you see me? | C87: [sound:rec1651022769.mp3] | G87: 6 | H87: 7 | I87: ="Nga_Fr_Lessons"&"-"&TEXT(G87,"000")&"-"&TEXT(H87,"000") -> Nga_Fr_Lessons-006-007 | J87: ="Nga::Fr::Lessons"&"::"&TEXT(G87,"000") -> Nga::Fr::Lessons::006
A88: Il peut le voir | B88: He can see it/him | C88: [sound:rec1651022773.mp3] | G88: 6 | H88: 8 | I88: ="Nga_Fr_Lessons"&"-"&TEXT(G88,"000")&"-"&TEXT(H88,"000") -> Nga_Fr_Lessons-006-008 | J88: ="Nga::Fr::Lessons"&"::"&TEXT(G88,"000") -> Nga::Fr::Lessons::006
A89: Ils peuvent le voir | B89: They can see it/him | C89: [sound:rec1651022777.mp3] | G89: 6 | H89: 9 | I89: ="Nga_Fr_Lessons"&"-"&TEXT(G89,"000")&"-"&TEXT(H89,"000") -> Nga_Fr_Lessons-006-009 | J89: ="Nga::Fr::Lessons"&"::"&TEXT(G89,"000") -> Nga::Fr::Lessons::006
A90: On peut voir tout Paris | B90: We can see all of Paris | C90: [sound:rec1651022782.mp3] | F90: on | G90: 6 | H90: 10 | I90: ="Nga_Fr_Lessons"&"-"&TEXT(G90,"000")&"-"&TEXT(H90,"000") -> Nga_Fr_Lessons-006-010 | J90: ="Nga::Fr::Lessons"&"::"&TEXT(G90,"000") -> Nga::Fr::Lessons::006
A91: ~ Tu peux voir ma voiture? ~ Non, elle est où? ~ Ici, tu peux la voir? | B91: ~ Can you see my car? ~ No, where is it? ~ Here, can you see it? | C91: [sound:rec1651022792.mp3] | G91: 6 | H91: 11 | I91: ="Nga_Fr_Lessons"&"-"&TEXT(G91,"000")&"-"&TEXT(H91,"000") -> Nga_Fr_Lessons-006-011 | J91: ="Nga::Fr::Lessons"&"::"&TEXT(G91,"000") -> Nga::Fr::Lessons::006
A92: ~ Tu peux voir le restau? ~ Non, il est où? ~ Il est là-bas | B92: ~ Can you see the restaurant? ~ No, where is it? ~ It's over there | C92: [sound:rec1651022801.mp3] | G92: 6 | H92: 12 | I92: ="Nga_Fr_Lessons"&"-"&TEXT(G92,"000")&"-"&TEXT(H92,"000") -> Nga_Fr_Lessons-006-012 | J92: ="Nga::Fr::Lessons"&"::"&TEXT(G92,"000") -> Nga::Fr::Lessons::006
A93: On peut déjeuner là-bas | B93: We can have lunch over there | C93: [sound:rec1651022810.mp3] | F93: on | G93: 6 | H93: 13 | I93: ="Nga_Fr_Lessons"&"-"&TEXT(G93,"000")&"-"&TEXT(H93,"000") -> Nga_Fr_Lessons-006-013 | J93: ="Nga::Fr::Lessons"&"::"&TEXT(G93,"000") -> Nga::Fr::Lessons::006
A94: ~ Maintenant? ~ Non, pas maintenant! | B94: ~ Now? ~ No, not now! | C94: [sound:rec1651022823.mp3] | G94: 6 | H94: 14 | I94: ="Nga_Fr_Lessons"&"-"&TEXT(G94,"000")&"-"&TEXT(H94,"000") -> Nga_Fr_Lessons-006-014 | J94: ="Nga::Fr::Lessons"&"::"&TEXT(G94,"000") -> Nga::Fr::Lessons::006
A95: Maintenant, on peut prendre le petit-déjeuner | B95: Now, we can have breakfast | C95: [sound:rec1651022829.mp3] | F95: on | G95: 6 | H95: 15 | I95: ="Nga_Fr_Lessons"&"-"&TEXT(G95,"000")&"-"&TEXT(H95,"000") -> Nga_Fr_Lessons-006-015 | J95: ="Nga::Fr::Lessons"&"::"&TEXT(G95,"000") -> Nga::Fr::Lessons::006
A96: C'est délicieux! | B96: It's delicious! | C96: [sound:rec1651022833.mp3] | G96: 6 | H96: 16 | I96: ="Nga_Fr_Lessons"&"-"&TEXT(G96,"000")&"-"&TEXT(H96,"000") -> Nga_Fr_Lessons-006-016 | J96: ="Nga::Fr::Lessons"&"::"&TEXT(G96,"000") -> Nga::Fr::Lessons::006
A97: Le retaurant, en France, c'est délicieux, mais c'est très cher! | B97: Restaurants in France are delicious, but very expensive | C97: [sound:rec1651801485.mp3] | G97: 7 | H97: 1 | I97: ="Nga_Fr_Lessons"&"-"&TEXT(G97,"000")&"-"&TEXT(H97,"000") -> Nga_Fr_Lessons-007-001 | J97: ="Nga::Fr::Lessons"&"::"&TEXT(G97,"000") -> Nga::Fr::Lessons::007
A98: Tu as acheté à manger avec ton amie | B98: You have bought some food with your friend | C98: [sound:rec1651801502.mp3] | F98: tu | G98: 7 | H98: 2 | I98: ="Nga_Fr_Lessons"&"-"&TEXT(G98,"000")&"-"&TEXT(H98,"000") -> Nga_Fr_Lessons-007-002 | J98: ="Nga::Fr::Lessons"&"::"&TEXT(G98,"000") -> Nga::Fr::Lessons::007
A99: Tu as diné avec ton amie | B99: You had diner with your friend | C99: [sound:rec1651801516.mp3] | F99: tu | G99: 7 | H99: 3 | I99: ="Nga_Fr_Lessons"&"-"&TEXT(G99,"000")&"-"&TEXT(H99,"000") -> Nga_Fr_Lessons-007-003 | J99: ="Nga::Fr::Lessons"&"::"&TEXT(G99,"000") -> Nga::Fr::Lessons::007
A100: Ce soir, vous avez mangé à la maison | B100: Tonight, you had diner at home | C100: [sound:rec1651801523.mp3] | F100: vous | G100: 7 | H100: 4 | I100: ="Nga_Fr_Lessons"&"-"&TEXT(G100,"000")&"-"&TEXT(H100,"000") -> Nga_Fr_Lessons-007-004 | J100: ="Nga::Fr::Lessons"&"::"&TEXT(G100,"000") -> Nga::Fr::Lessons::007
A101: ~ Je peux préparer à manger pour toi ~ Super, merci! | B101: ~ Je peux préparer à manger pour toi ~ Super, merci! | C101: [sound:rec1651801534.mp3] | F101: tu | G101: 7 | H101: 5 | I101: ="Nga_Fr_Lessons"&"-"&TEXT(G101,"000")&"-"&TEXT(H101,"000") -> Nga_Fr_Lessons-007-005 | J101: ="Nga::Fr::Lessons"&"::"&TEXT(G101,"000") -> Nga::Fr::Lessons::007
A102: C'est quoi ça? Tu as un chien? | B102: What is this? Do you have a dog? | C102: [sound:rec1651801542.mp3] | F102: tu | G102: 7 | H102: 6 | I102: ="Nga_Fr_Lessons"&"-"&TEXT(G102,"000")&"-"&TEXT(H102,"000") -> Nga_Fr_Lessons-007-006 | J102: ="Nga::Fr::Lessons"&"::"&TEXT(G102,"000") -> Nga::Fr::Lessons::007
A103: Où est-il? Est-ce que je peux le voir? | B103: Where is it? Can I see it? | C103: [sound:rec1651801549.mp3] | G103: 7 | H103: 7 | I103: ="Nga_Fr_Lessons"&"-"&TEXT(G103,"000")&"-"&TEXT(H103,"000") -> Nga_Fr_Lessons-007-007 | J103: ="Nga::Fr::Lessons"&"::"&TEXT(G103,"000") -> Nga::Fr::Lessons::007
A104: ~ Il est ici ~ Oh, il est mignon ! | B104: ~ It's here ~ Oh, it's so cute! | C104: [sound:rec1651801557.mp3] | G104: 7 | H104: 8 | I104: ="Nga_Fr_Lessons"&"-"&TEXT(G104,"000")&"-"&TEXT(H104,"000") -> Nga_Fr_Lessons-007-008 | J104: ="Nga::Fr::Lessons"&"::"&TEXT(G104,"000") -> Nga::Fr::Lessons::007
A105: ~ C'est quoi son nom? ~ Son nom c'est Biscuit. | B105: ~ What's its name? ~ Its name is Biscuit | C105: [sound:rec1651801564.mp3] | G105: 7 | H105: 9 | I105: ="Nga_Fr_Lessons"&"-"&TEXT(G105,"000")&"-"&TEXT(H105,"000") -> Nga_Fr_Lessons-007-009 | J105: ="Nga::Fr::Lessons"&"::"&TEXT(G105,"000") -> Nga::Fr::Lessons::007
A106: Salut Biscuit, moi c'est Nga, N-G-A. | B106: Hi Biscuit, I'm Nga, N-G-A. | C106: [sound:rec1651801574.mp3] | G106: 7 | H106: 10 | I106: ="Nga_Fr_Lessons"&"-"&TEXT(G106,"000")&"-"&TEXT(H106,"000") -> Nga_Fr_Lessons-007-010 | J106: ="Nga::Fr::Lessons"&"::"&TEXT(G106,"000") -> Nga::Fr::Lessons::007
A107: ~ Oh, c'est un nom exotique ~ Oui, c'est Vietnamien | B107: ~ Oh, that's an exotic name ~ Yes, it's Vietnamese | C107: [sound:rec1651801586.mp3] | G107: 7 | H107: 11 | I107: ="Nga_Fr_Lessons"&"-"&TEXT(G107,"000")&"-"&TEXT(H107,"000") -> Nga_Fr_Lessons-007-011 | J107: ="Nga::Fr::Lessons"&"::"&TEXT(G107,"000") -> Nga::Fr::Lessons::007
A108: Ton chien peux manger du chocolat? | B108: Can you dog eat chocolate? | C108: [sound:rec1651801595.mp3] | F108: tu | G108: 7 | H108: 12 | I108: ="Nga_Fr_Lessons"&"-"&TEXT(G108,"000")&"-"&TEXT(H108,"000") -> Nga_Fr_Lessons-007-012 | J108: ="Nga::Fr::Lessons"&"::"&TEXT(G108,"000") -> Nga::Fr::Lessons::007
A109: ~ Tu n'as pas faim? ~ Si, j'ai très faim | B109: ~ Are you not hungry? ~ Yes, I'm very hungry | C109: [sound:rec1651801603.mp3] | F109: tu | G109: 7 | H109: 13 | I109: ="Nga_Fr_Lessons"&"-"&TEXT(G109,"000")&"-"&TEXT(H109,"000") -> Nga_Fr_Lessons-007-013 | J109: ="Nga::Fr::Lessons"&"::"&TEXT(G109,"000") -> Nga::Fr::Lessons::007
A110: C'est dangereux | B110: It's dangerous | C110: [sound:rec1652370946.mp3] | G110: 8 | H110: 1 | I110: ="Nga_Fr_Lessons"&"-"&TEXT(G110,"000")&"-"&TEXT(H110,"000") -> Nga_Fr_Lessons-008-001 | J110: ="Nga::Fr::Lessons"&"::"&TEXT(G110,"000") -> Nga::Fr::Lessons::008
...

Sheet Pivot_trial
A1: Français | B1: English | C1: Audio | D1: Slow audio | E1: Image | F1: Notes | G1: c | H1: s | I1: Marker | J1: Tags
B2: Sum of s | C2: [sound:rec1645544842.mp3] | G2: 1 | H2: 1 | I2: Nga_Fr_Lessons-001-001 | J2: Nga::Fr::Lessons::001
A3: Ce n'est pas | B3: 1
A4: C'est pas | B4: 2
A5: Non, c'est pas pratique | B5: 3
A6: Je voudrais allez a Paris, mais c'est pas pratique | B6: 4
A7: Pourquoi c'est pas pratique? | B7: 5
A8: Je voudrais savoir pourquoi c'est pas pratique | B8: 6
A9: Pourquoi tu as preparé le diné? | B9: 7
A10: Tu as préparé le café? | B10: 8
A11: Tu n'as pas préparé le café? | B11: 9
A12: Tu as pas préparé le café? | B12: 10
A13: Je voudrais savoir pourquoi tu n'as pas préparé le café | B13: 11
A14: J'ai faim, pourquoi tu as pas préparé le diné? | B14: 12
... A20: Désolé, mais j'ai pas réservé une table au restau Français | B20: 18

Sheet CSV trial
A1: =Anki!A2&","&Anki!B2&","&Anki!C2&","&Anki!D2&","&Anki!E2&","&Anki!F2&","&Anki!G2&","&Anki!H2&","&Anki!I2&","&Anki!J2 -> J'ai invité un ami,I have invited a friend,[sound:rec1645544842.mp3],,,,1,1,Nga_Fr_Lessons-001-001,Nga::Fr::Lessons::001
A2: =Anki!A3&","&Anki!B3&","&Anki!C3&","&Anki!D3&","&Anki!E3&","&Anki!F3&","&Anki!G3&","&Anki!H3&","&Anki!I3&","&Anki!J3 -> Tu as invité un ami,You have invited a friend,[sound:rec1645544856.mp3],,,,1,2,Nga_Fr_Lessons-001-002,Nga::Fr::Lessons::001
A3: =Anki!A4&","&Anki!B4&","&Anki!C4&","&Anki!D4&","&Anki!E4&","&Anki!F4&","&Anki!G4&","&Anki!H4&","&Anki!I4&","&Anki!J4 -> As-tu invité un ami?,Have you invited a friend?,[sound:rec1645544867.mp3],,,inf., 2,1,3,Nga_Fr_Lessons-001-003,Nga::Fr::Lessons::001 | G3: LESSONS # ?
A4: =Anki!A5&","&Anki!B5&","&Anki!C5&","&Anki!D5&","&Anki!E5&","&Anki!F5&","&Anki!G5&","&Anki!H5&","&Anki!I5&","&Anki!J5 -> Tu as invité un ami?,Have you invited a friend?,[sound:rec1645544873.mp3],,,inf., 1,1,4,Nga_Fr_Lessons-001-004,Nga::Fr::Lessons::001
A5: =Anki!A6&","&Anki!B6&","&Anki!C6&","&Anki!D6&","&Anki!E6&","&Anki!F6&","&Anki!G6&","&Anki!H6&","&Anki!I6&","&Anki!J6 -> J'ai confirmé le meeting avec Ben,I have confirmed the meeting with Ben,[sound:rec1645545058.mp3],,,,1,5,Nga_Fr_Lessons-001-005,Nga::Fr::Lessons::001
A6: =Anki!A7&","&Anki!B7&","&Anki!C7&","&Anki!D7&","&Anki!E7&","&Anki!F7&","&Anki!G7&","&Anki!H7&","&Anki!I7&","&Anki!J7 -> J'ai visité Hanoi avec un ami,I have visited Hanoi with a friend,[sound:rec1645544930.mp3],,,,1,6,Nga_Fr_Lessons-001-006,Nga::Fr::Lessons::001 | G6: BUTTON ONCLICK FETCH ANKI LESSONS # FROM PROMPT AND CONCATENATED INTO CSV
A7: =Anki!A8&","&Anki!B8&","&Anki!C8&","&Anki!D8&","&Anki!E8&","&Anki!F8&","&Anki!G8&","&Anki!H8&","&Anki!I8&","&Anki!J8 -> J'ai preparé le café pour toi,I have prepared coffee for you,[sound:rec1645544942.mp3],,,,1,7,Nga_Fr_Lessons-001-007,Nga::Fr::Lessons::001
A8: =Anki!A9&","&Anki!B9&","&Anki!C9&","&Anki!D9&","&Anki!E9&","&Anki!F9&","&Anki!G9&","&Anki!H9&","&Anki!I9&","&Anki!J9 -> Tu as preparé le café pour moi?,Have you prepared the coffee for me?,[sound:rec1645544953.mp3],,,,1,8,Nga_Fr_Lessons-001-008,Nga::Fr::Lessons::001
A9: =Anki!A10&","&Anki!B10&","&Anki!C10&","&Anki!D10&","&Anki!E10&","&Anki!F10&","&Anki!G10&","&Anki!H10&","&Anki!I10&","&Anki!J10 -> Tu as visité Hanoi (avec un ami)?,Have you visited Hanoi with a friend?,[sound:rec1645544966.mp3],,,,1,9,Nga_Fr_Lessons-001-009,Nga::Fr::Lessons::001
A10: =Anki!A11&","&Anki!B11&","&Anki!C11&","&Anki!D11&","&Anki!E11&","&Anki!F11&","&Anki!G11&","&Anki!H11&","&Anki!I11&","&Anki!J11 -> Tu as preparé le meeting avec Ben?,Have you prepared the meeting with Ben?,[sound:rec1645545970.mp3],,,,1,10,Nga_Fr_Lessons-001-010,Nga::Fr::Lessons::001
A11: =Anki!A12&","&Anki!B12&","&Anki!C12&","&Anki!D12&","&Anki!E12&","&Anki!F12&","&Anki!G12&","&Anki!H12&","&Anki!I12&","&Anki!J12 -> J'ai réservé une table pour deux,I have booked (reserved) a table for two,[sound:rec1645715004.mp3],,,,2,1,Nga_Fr_Lessons-002-001,Nga::Fr::Lessons::002
A12: =Anki!A13&","&Anki!B13&","&Anki!C13&","&Anki!D13&","&Anki!E13&","&Anki!F13&","&Anki!G13&","&Anki!H13&","&Anki!I13&","&Anki!J13 -> Tu as réservé une table pour le diner?,Have you booked (reserved) a table for dinner?,[sound:rec1645715024.mp3],,,,2,2,Nga_Fr_Lessons-002-002,Nga::Fr::Lessons::002
A13: =Anki!A14&","&Anki!B14&","&Anki!C14&","&Anki!D14&","&Anki!E14&","&Anki!F14&","&Anki!G14&","&Anki!H14&","&Anki!I14&","&Anki!J14 -> Il a réservé une table,He has booked (reserved) a table,[sound:rec1645715062.mp3],,,,2,3,Nga_Fr_Lessons-002-003,Nga::Fr::Lessons::002
A14: =Anki!A15&","&Anki!B15&","&Anki!C15&","&Anki!D15&","&Anki!E15&","&Anki!F15&","&Anki!G15&","&Anki!H15&","&Anki!I15&","&Anki!J15 -> Elle a réservé une table,She has booked (reserved) a table,[sound:rec1645715068.mp3],,,,2,4,Nga_Fr_Lessons-002-004,Nga::Fr::Lessons::002
A15: =Anki!A16&","&Anki!B16&","&Anki!C16&","&Anki!D16&","&Anki!E16&","&Anki!F16&","&Anki!G16&","&Anki!H16&","&Anki!I16&","&Anki!J16 -> Mon ami a preparé le café pour moi,My friend has prepared the coffee for me,[sound:rec1645715077.mp3],,,,2,5,Nga_Fr_Lessons-002-005,Nga::Fr::Lessons::002
A16: =Anki!A17&","&Anki!B17&","&Anki!C17&","&Anki!D17&","&Anki!E17&","&Anki!F17&","&Anki!G17&","&Anki!H17&","&Anki!I17&","&Anki!J17 -> Mon ami a visité Hanoi et mon chien a visité Taipei,My friend has visited Hanoi and my dog has visited Taipei,[sound:rec1645715089.mp3],,,,2,6,Nga_Fr_Lessons-002-006,Nga::Fr::Lessons::002
A17: =Anki!A18&","&Anki!B18&","&Anki!C18&","&Anki!D18&","&Anki!E18&","&Anki!F18&","&Anki!G18&","&Anki!H18&","&Anki!I18&","&Anki!J18 -> Préparation,Preparation,[sound:rec1645715113.mp3],,,,2,7,Nga_Fr_Lessons-002-007,Nga::Fr::Lessons::002
A18: =Anki!A19&","&Anki!B19&","&Anki!C19&","&Anki!D19&","&Anki!E19&","&Anki!F19&","&Anki!G19&","&Anki!H19&","&Anki!I19&","&Anki!J19 -> Invitation,Invitation,[sound:rec1645715118.mp3],,,,2,8,Nga_Fr_Lessons-002-008,Nga::Fr::Lessons::002
... A145: =Anki!A146&","&Anki!B146&","&Anki!C146&","&Anki!D146&","&Anki!E146&","&Anki!F146&","&Anki!G146&","&Anki!H146&","&Anki!I146&","&Anki!J146 -> ~ D'accord, au revoir! ~ A plus tard!,~ Alright, bye! ~ See you later!,[sound:rec1653017840.mp3],,,,9,21,Nga_Fr_Lessons-009-021,Nga::Fr::Lessons::009

Sheet NEXT
B2: Lesson techniques | C2: Process | D2: Orga | E2: Content
B3: first introduce and drill froms that'll be used in context later. Ex: devez, devons, pouvez, etc. Maybe also nouns like heure, apres, etc | C3: Prerecord key sentences and arrange them in order for a mini-dialogue-like experience | D3: Complete summary/next table with all new items actually learned during lesson | E3: Check clips leon
C4: Give sentences before lessons, either just sound files, but better with possibility to repeat SbS and showing/hide spelling (not Anki) | D4: Make graphs of items learned
B5: (start lesson with drills like using new verbs at inf + many conjugations
B6: always drill conjugations and useful verbs after first exposure | C6: Add drills like to be automatized (j'ai preprare du cafe, j'ai compris, j'ai pas compris, j'ai pas mange de chocolat, j'en | D6: Make a flowchart or timeline with prototypical sentences and/or patterns succession
B8: Give new words for HW to prime next lesson? Or new audio? | C8: Give audio drills for patterns like 'en' (don't request output for now)
